"1","在一次数学课上，老师提出了一个复杂的数学问题，小张在草稿纸上算了一会儿后，提出了一个不同的解题方法。他认为按照他的方法，计算会更简单。同学们开始对他的方法表示怀疑，但经过一番讨论后，大家发现小张的方法确实更简洁。
问题:在此情况下，小张为什么会感觉紧张 & 自信?","他提出的解题方法遭到同学们的怀疑 & 他的方法被证明是正确的","他认为自己的方法可能不正确 & 老师表扬了他的创新思维","他的计算出现了错误 & 同学们的认可让他感到惊讶","他的方法一开始没有被接受 & 最终被大家接受并赞扬","D","Dynamic Changes in Emotion","Emotion Fluctuations"
"603","小张因为代谢药物速度较快，在手术中很容易醒来。为了防止这种情况发生，医生每次手术都会给他使用较大剂量的药物。今天，小张又需要接受一次手术。手术前，他跟医生开玩笑说，这次不知道会睡多久才能醒来。
问题:在此情况下，小张为什么会感觉安心 & 担忧?","他知道医生会给他用足够的药物保证手术顺利进行 & 他担心手术后醒来会有不适感","他对医生的医术充满信心 & 手术中的不确定因素让他感到紧张","手术前的玩笑让他心情放松 & 他对手术后的恢复感到担忧","他不确定自己是否能够适应大量的药物 & 医生的安慰让他感到安心","A","Dynamic Changes in Emotion","Emotion Fluctuations"
"231","小王在旅途中经过两个城市后，发现天气并没有像预期的那样变冷，他甚至还可以穿着短袖在户外活动，感到十分意外。
问题:在此情况下，小王为什么会感觉惊喜 & 愉快?","他本来期待着体验寒冷的气候 & 没想到天气如此温暖，可以舒适地旅行","他忘记了带保暖的衣物 & 没有预料到天气会这么暖和","他期待着滑雪等活动 & 没有想到两个城市之间的气候差异这么大","他一直期待着冬日的氛围 & 但是温暖的天气打破了原有的计划","A","Dynamic Changes in Emotion","Emotion Fluctuations"
"450","在影视制作课上，小张对导演选择拍摄一个看似无趣的场景感到不解。但当导演解释这个‘小白’场景其实蕴含深意时，小张突然意识到了其中的巧妙。
问题:在此情况下，小张为什么会感觉困惑 & 欣喜?","他不理解导演的选择 & 他意识到场景背后的深层含义","他认为这个场景很无趣 & 导演解释说这是一个重要的剧情点","他一开始觉得这个场景没有必要 & 他发现导演的意图是要表达一种讽刺","他很喜欢这个场景 & 导演的解释让他更加确信自己的看法","A","Dynamic Changes in Emotion","Emotion Fluctuations"
"361","小王在计算一年内每日节省下来的零钱总和时，错误地将365天乘以25美分而不是25美元。当他看到计算器上显示的数字9125时，他一开始非常高兴，认为自己省下了一大笔钱。但很快，他意识到了自己的错误，心情瞬间发生了变化。
问题:在此情况下，小王为什么会感觉激动 & 失望?","他错误地将每天的节省金额计算少了 & 他意识到自己实际上省下的钱远少于预期","他赢得了年度节省最多的奖金 & 他发现自己的计算错误让他在同事面前丢脸","他以为自己省下了一大笔钱 & 他意识到自己的粗心带来了损失","他的朋友称赞他的节省习惯 & 他意识到自己需要更加注意细节","C","Dynamic Changes in Emotion","Emotion Fluctuations"
"536","小马是一名巡回表演的艺人，经常在路上演出。有时候他们住在货车里，最近更是住进了马戏团的大巴。就像歌里唱的那样，没有地方挂他的帽子。今天，他们在一个小镇完成了表演，小马收到了一位粉丝送的小礼物，是一个可以挂在车厢里的小挂钩。
问题:在此情况下，小马为什么会感觉孤独 & 感动?","他意识到自己一直以来的小小心愿被满足了 & 他对粉丝的细心感到惊喜","他发现这份礼物并不能解决他的孤独问题 & 他对粉丝的关心感到无聊","他很久没有得到这么贴心的礼物了 & 他意识到自己并不孤单","他觉得粉丝的礼物很有趣 & 他对粉丝的了解感到快乐","C","Dynamic Changes in Emotion","Emotion Fluctuations"
"601","在一次同学聚会上，小王遇到了多年未见的好友小李。小王激动地分享起自己近年来在职场上的成就，小李听后回应说：“太棒了...我这儿也是一样。”小王愣了一下，然后发现小李的眼神中闪过一丝不易察觉的落寞。
问题:在此情况下，小李为什么会感觉自豪 & 失落?","他在表面上与小王分享成功的喜悦，但实际上自己的生活并不如小王那么顺利 & 他一直渴望能像小王一样成功","他刚刚失业，但不想让小王知道自己处境的艰难 & 他真心为小王的成功感到高兴","他在聚会上看到很多老同学都取得了成就，而自己却原地踏步 & 他觉得小王的成功并不会影响到他们之间的友谊","他一直认为自己的成就会超过小王，但现实却恰恰相反 & 他为小王的成功感到自豪，但同时也为自己的失败感到失落","A","Dynamic Changes in Emotion","Emotion Transitions"
"446","小强在玩电脑游戏时，不慎忘记了转换回自己的主账号，用着另一个备用账号与朋友聊天。当朋友发来信息说：“哈哈，你看看你，又忘了切换回来吧。”他一时感到有些尴尬，但马上又觉得有点好笑。
问题:在此情况下，小强为什么会感觉尴尬 & 好笑?","他意识到自己犯了一个小错误 & 他觉得这个失误并不影响游戏的表现","他的朋友发现他使用了错误的账号 & 他对这个小失误感到很生气","他意识到自己可能失去了一些游戏进度 & 他和朋友开玩笑地谈论这个失误","他的朋友在游戏中击败了他 & 他对朋友的调侃感到很欣慰","A","Dynamic Changes in Emotion","Emotion Fluctuations"
"481","周末即将来临，小王与朋友计划去山里徒步。天气预报显示会有连续的阴雨天气，但他们决定按计划进行。到达山脚下，他们发现天气意外地放晴了，阳光照耀下的山景格外美丽。
问题:在此情况下，小王为什么会感觉焦虑 & 惊喜?","他们担忧周末的阴雨天气会影响徒步计划 & 没想到天气突然放晴，给了他们一个愉快的惊喜","他们对徒步旅行感到无聊，因为没有新的挑战 & 意外发现了一处他们从未见过的美丽瀑布","天气预报显示整个周末都会下雨 & 他们发现了一家山脚下的小吃店，品尝了地道的美食","他们因为连续工作感到疲惫 & 到达山顶后，看到了壮丽的日出","A","Dynamic Changes in Emotion","Emotion Fluctuations"
"521","小王最近加入了一个新的社交团体，他本以为自己会享受在团体中的时光，但渐渐地他开始感到厌烦，因为每次聚会都过于热闹，让人难以真正交流。今天，他再次参加了团体的活动，虽然场面依旧热闹非凡，但他却突然感到孤独。
问题:在此情况下，小王为什么会感觉孤独 & 烦躁?","他不喜欢过于热闹的社交场合 & 他感到自己在人群中无法真正表达自己","他在团体中交到了很多朋友 & 他喜欢参加各种社交活动","他突然接到了一个重要的工作电话 & 他厌烦了总是需要应酬的聚会","他在聚会上意外遇到了一个老朋友 & 他为自己的社交能力感到自豪","A","Dynamic Changes in Emotion","Emotion Fluctuations"
"219","小王是一名新晋的客服人员。在一次与顾客的互动中，顾客不断地讲一些平淡无奇的笑话，期望小王能觉得好笑。小王尽力配合，但内心却感到十分无奈。突然，顾客提到了一个与小王家乡相关的笑话，这让小王感到意外，并忍不住笑了起来。
问题:在此情况下，小王为什么会感觉无奈 & 惊讶 & 欢笑?","顾客讲的笑话平淡无奇，小王却不得不装作觉得好笑 & 顾客提到了与家乡相关的笑话，让小王感到意外 & 小王真心觉得那个笑话很好笑","小王对顾客的笑话感到尴尬，但职业素养让他保持笑容 & 顾客看出了小王的尴尬，所以讲了一个更好的笑话 & 小王因为顾客的关心而感到开心","小王对不断地迎合顾客感到疲惫 & 顾客的笑话让小王回忆起了家乡的美好时光 & 小王因为顾客的笑话而放松了下来","小王觉得顾客的笑话无聊，但为了工作不得不笑 & 顾客的笑话触及了小王的家乡情结，让他感到惊喜 & 小王对自己的职业选择感到怀疑","A","Dynamic Changes in Emotion","Emotion Fluctuations"
"190","小明在聚会上听到有人夸他的牙齿很性感。他感到很惊讶，因为他一直认为自己的牙齿不够整齐。聚会结束后，他回到家，反复照镜子，突然开始喜欢上了自己的笑容。
问题:在此情况下，小明为什么会感觉惊喜 & 自信?","他意识到自己的牙齿有独特之处 & 他开始欣赏自己的独特之处","他一直对自己的牙齿感到自卑 & 他在聚会上被夸奖","他听到的是别人的讽刺 & 他发现自己的牙齿其实很丑","他的牙齿其实并不性感 & 他意识到别人在开玩笑","A","Dynamic Changes in Emotion","Emotion Transitions"
"444","小张常常告诉自己，总有一天他会为一个女孩变得更好。那个女孩不需要把他当作一个需要改造的人来看待。今天，他在朋友聚会上偶然遇到了一个让他心动的女孩，他发现自己说话都结巴了。
问题:在此情况下，小张为什么会感觉自信 & 紧张?","他一直期待着为未来的女朋友改变 & 他突然感到非常紧张","他意识到自己还没有准备好开始一段关系 & 他对这个女孩很有好感","他在女孩面前说话结巴了 & 他原本以为自己会表现得很自信","他成功地吸引了女孩的注意 & 他对这个新遇见的女孩感到非常惊讶","A","Dynamic Changes in Emotion","Emotion Transitions"
"391","几个月前，小张无意间发现了一个有趣的网络社区。刚开始，他觉得那里充满了新鲜事，每天都会花很多时间在那里。然而，随着时间的推移，他渐渐发现那里的一些讨论变得越来越乏味。
问题:在此情况下，小张为什么会感觉快乐 & 厌恶?","他发现了一个充满新鲜事的网络社区 & 社区里的讨论变得越来越乏味","他在社区里交到了很多朋友 & 他必须减少上网时间来完成工作","他参与的讨论让他感到很有成就感 & 他意识到自己花了太多时间在那里","社区的规则变得严格 & 他无法再自由地表达自己的观点","A","Dynamic Changes in Emotion","Emotion Fluctuations"
"499","在一次社交聚会上，小王表现得非常活跃，和每个人都谈笑风生。中途，他突然意识到自己可能过于健谈，开始担心别人会认为他不真诚。
问题:在此情况下，小王为什么会感觉热情 & 疑虑?","他意识到自己可能过于表现自己 & 他担心别人误会他的意图","他感到自己能够吸引所有人的注意 & 他享受成为注意力的中心","他在社交中感到非常自在 & 他不确定别人是否感到舒服","他喜欢和不同的人交流 & 他害怕别人认为他是在炫耀","A","Dynamic Changes in Emotion","Emotion Fluctuations"
"435","小王向朋友小李展示他新学的炒鸡蛋技巧，但失手打翻了鸡蛋。小李看着小王失落的样子，忍不住笑了起来，然后拍拍小王的肩膀，安慰他说失败是成功之母。
问题:在此情况下，小王为什么会感觉失望 & 尴尬?","他失手打翻了鸡蛋 & 朋友小李的安慰让他感到温暖","他本来想展示炒鸡蛋技巧，结果却失败了 & 他觉得在朋友面前丢了面子","小李的笑让他觉得自己被嘲笑了 & 他意识到失败是成功的一部分","他对自己炒鸡蛋的失败感到失望 & 他感激小李的鼓励","B","Dynamic Changes in Emotion","Emotion Fluctuations"
"5","小张在网上发帖，表达了自己因为伊斯兰教某些推广的理念而拒绝信仰该宗教。他的朋友小李看到帖子后，决定与小张深入交流，了解他的想法。在听完小张阐述了自己的观点后，小李对他的看法表示了理解。
问题:在此情况下，小张为什么会感觉疑惑 & 安心?","他认为伊斯兰教的某些理念与自己的价值观不符 & 他发现小李理解并尊重他的选择","他担心会因为自己的选择而失去朋友 & 小李没有因为他的选择而改变对他的看法","他对于自己的信仰选择感到迷茫 & 他与小李的深入交流让他更坚定了自己的选择","他认为伊斯兰教的理念具有普遍性 & 他与小李的交流让他开始怀疑自己的选择","A","Dynamic Changes in Emotion","Emotion Transitions"
"217","小王在新闻上看到了许多关于男性犯罪和自我毁灭的报道，心中产生了深深的疑惑。一天，他在咖啡店与朋友小李讨论此事，小李认为这是男性天生的攻击性和社会压力所致。小王听后沉默不语，陷入了沉思。
问题:在此情况下，小王为什么会感觉疑惑 & 悲伤?","他无法理解为什么那么多男性会选择自我毁灭的道路 & 他对这种现象感到无力和悲伤","他认为小李的解释过于简单化，无法接受 & 他对那些男性感到愤怒和厌恶","他惊讶于小李的见解，觉得需要重新审视这个问题 & 他对小李的观点感到疑惑","他感到社会对男性的期望过高，导致他们走向极端 & 他对改变这种现象感到绝望","A","Dynamic Changes in Emotion","Emotion Fluctuations"
"385","在一次区块链技术峰会上，小王听到一个关于比特币核心开发团队被Blockstream公司影响的传闻。开始他不太相信，但随后看到一些证据，他变得愤怒。不过，当他听到Blockstream的官方解释后，他的情绪又有了新的变化。
问题:在此情况下，小王为什么会感觉愤怒 & 平静?","他相信了Blockstream的官方解释 & 他意识到事情可能不像看起来那么简单","他发现了一些证据表明Blockstream确实影响了比特币的开发 & 他相信了Blockstream的官方解释","他没有找到任何证据支持这个传闻 & 他意识到自己可能被误导了","他了解到Blockstream的正面贡献 & 他意识到自己对Blockstream的判断可能过于武断","A","Dynamic Changes in Emotion","Emotion Fluctuations"
"329","在一个重要的会议上，小王面临一个决策。他的团队意见分歧，但最终他决定按照自己的想法去做。结束后，一个团队成员走过来，拍拍他的肩膀说：“你做到了。好决策。”
问题:在此情况下，小王为什么会感觉紧张 & 惊喜?","他不确定自己的决策是否正确 & 一个团队成员的肯定让他感到惊喜","他的团队对他的决策持不同意见 & 他知道自己的决策是正确的","他对自己所做的决策感到满意 & 他没有预料到会有这样的正面反馈","他在会议上感到孤单 & 团队成员的支持让他感到欣慰","A","Dynamic Changes in Emotion","Emotion Transitions"
"9","小张在炎热的夏天参加了一场户外马拉松。当他回到家时，他感到浑身燥热，筋疲力尽，但同时又为自己能完成比赛而感到无比自豪。
问题:在此情况下，小张为什么会感觉自豪 & 疲惫?","他因马拉松的成绩不理想而感到失望 & 他为能在如此炎热的天气下完成比赛感到自豪","他感到天气太热，让人烦躁 & 他完成了自己设定的跑步目标","他因没有得到预期的好成绩而感到愤怒 & 他为自己的坚持感到满意","他为自己的体能感到自豪 & 他因马拉松的艰难而感到疲惫","D","Dynamic Changes in Emotion","Emotion Fluctuations"
"71","小王在书店里偶然发现了一本诗集，他随手翻开一页，被其中的诗句深深吸引。他开始在全书中寻找作者的其他作品，但发现这位诗人只出版过这一本诗集。他坐在角落里读了一下午，离开书店时，他忍不住叹了口气。
问题:在此情况下，小王为什么会感觉欣赏 & 失望?","他被诗集里的诗句深深吸引 & 他发现这位诗人只出版过这一本诗集","他在书店里意外发现了自己寻找已久的诗集 & 他读完整本诗集后觉得不过如此","他原本对这本诗集没有期待，但读后感到非常惊喜 & 他希望能找到该诗人的其他作品","他读到了一首关于自己家乡的诗 & 他对书店没有更多该诗人的作品感到失望","A","Dynamic Changes in Emotion","Emotion Fluctuations"
"80","小王一直认为自己无法完成这项艰难的任务，但在连续几天的努力后，他竟然顺利地完成了。他站在办公室的中央，手里紧握着完成的报告，同事们纷纷投来惊讶的目光。
问题:在此情况下，小王为什么会感觉怀疑 & 惊讶?","他原本认为任务不可能完成 & 他成功完成了艰难的任务","他的努力没有得到领导的认可 & 他意识到自己被同事们误解了","他意识到自己可以胜任更高难度的任务 & 他成功完成了艰难的任务","他完成了任务但发现报告有错误 & 他不确定是否有人会注意到他的错误","A","Dynamic Changes in Emotion","Emotion Fluctuations"
"378","在网上看到自己心仪的衣服打折，小林兴高采烈地抢了一件。收到衣服后，她发现衣袖上有些难看的褶皱。她在论坛发帖求助，希望得到去除褶皱的方法。
问题:在此情况下，小林为什么会感觉困惑 & 希望?","她很喜欢这件衣服，但衣袖的褶皱让她觉得不完美 & 她希望能在论坛上得到有效的去皱方法","她不确定自己是否应该退掉这件衣服 & 她认为论坛上的网友可能无法提供帮助","衣服的褶皱让她怀疑是不是买到了次品 & 她期待能找到解决方法","她对自己挑选衣服的眼光感到满意 & 她决定自己尝试解决褶皱问题","A","Dynamic Changes in Emotion","Emotion Transitions"
"456","在一次团队会议上，小王提出了一个大家都忽视的问题。经理听后，沉默了一会儿，然后说：“这真的很有帮助，你指出来很好！”小王感到意外，因为经理通常对他的建议反应冷淡。
问题:在此情况下，小王为什么会感觉惊讶 & 满足?","他的建议被经理认可了 & 他原本以为经理会像以前一样冷淡对待","他的建议造成了团队的不和 & 他没有预料到经理会如此支持","他的建议并没有得到预期的效果 & 经理的表扬让他感到困惑","他成功引起了团队的注意 & 经理的表扬让他感到满足","A","Dynamic Changes in Emotion","Emotion Fluctuations"
"270","小王是一名医学教育工作者，一直致力于推进虚拟分娩单元和产科学模拟教育的发展。在一次教育研讨会上，他展示了自己的最新研究成果，最初遭到了在场许多专家的质疑。然而，经过深入讨论，他的理念和成果逐渐获得了大家的认可。
问题:在此情况下，小王为什么会感觉紧张 & 惊喜?","他的研究成果没有得到专家的认可 & 专家们的质疑转变为肯定和支持","他不确定自己的理念是否能够被接受 & 研究成果得到了意外的赞誉","他对于推进项目没有信心 & 看到了项目未来的光明前景","他本来就是信心满满 & 看到了更加宽广的合作机会","B","Dynamic Changes in Emotion","Emotion Transitions"
"173","小王在手机上看到一条搞笑的短视频，忍不住笑出了声。这时，他的朋友小李走过来，看到小王笑得前仰后合，便问：‘这是什么视频，这么好笑？’小王把手机递给小李，说：‘你自己看吧。’小李看完后，表情突然变得严肃，对小王说：‘其实，这视频里的主人公是我的亲戚。’
问题:在此情况下，小王为什么会感觉快乐 & 惊讶?","他看到了一个有趣的视频 & 他没想到视频中的主人公是小李的亲戚","他和小李分享了一个搞笑视频 & 小李的亲戚出了事","他和小李开了个玩笑 & 小李误会了他的意思","他和小李一起看了一个悲剧 & 视频中的主人公是小李的亲戚","A","Dynamic Changes in Emotion","Emotion Transitions"
"292","小张在整理东西时，无意中发现了一些过去的旧信件，这些信件让他回忆起了一些未能妥善处理的往事。这些悬而未决的问题，让他在反思中意识到自己的行为受到了很大的影响。他突然想到，他的朋友小刘可能因为这些事情没有解决，至今还在生他的气。
问题:在此情况下，小张为什么会感觉愧疚 & 担忧?","他意识到过去的未解决问题对现在的影响 & 他认为小刘应该已经原谅他了","他发现了一些被遗忘的旧信件 & 他认为小刘因为这些事情而疏远了他","他觉得自己没有尽力去解决问题 & 他害怕小刘会因此而不理他","他不知道如何面对小刘 & 他认为小刘一定很生气","C","Dynamic Changes in Emotion","Emotion Transitions"
"272","小王在社交平台上看到一篇批评大型制药公司的文章，他一直对这种公司的高药价政策感到不满。文章底下，有人评论说‘讨厌大型制药公司与反疫苗无关’。他沉思片刻，然后回复表示同意，并阐述了自己的观点。
问题:在此情况下，小王为什么会感觉反感 & 理解?","他认为大型制药公司的行为是不道德的 & 他理解评论者的立场","他误解了评论者的意思 & 他对大型制药公司的政策感到愤怒","他意识到自己之前的看法可能过于偏激 & 他认为评论者的观点开阔了他的视野","他不同意评论者的看法 & 他认为大型制药公司的高药价政策有合理之处","A","Dynamic Changes in Emotion","Emotion Transitions"
"142","小王的宠物猫在看到足球比赛中小王支持的队伍Pasta进球时，突然变得非常兴奋，发出了响亮的呼噜声。小王也跟着感到开心。
问题:在此情况下，小王为什么会感觉开心 & 惊喜?","他支持的队伍Pasta赢得了比赛 & 他看到猫咪这么开心","他本来以为猫咪对足球不感兴趣 & 猫咪的呼噜声让他感到很温馨","小王今天刚好和猫咪一起庆祝生日 & Pasta的进球让他想起去年的美好回忆","小王最近一直很紧张工作的事情 & 看到进球的瞬间让他暂时忘记了烦恼","A","Dynamic Changes in Emotion","Emotion Fluctuations"
"507","当地的CBP组织在这里开展了卓有成效的工作。小张看到他们的成就后，决定捐赠一些资金表示支持。他满怀期待地计划去参观他们的工作现场，看看自己的捐款将如何被使用。
问题:在此情况下，小张为什么会感觉期待 & 满足?","他对CBP的工作感到非常钦佩 & 他期待看到自己的捐款带来的改变","他不确定自己的捐款是否会发挥作用 & 他对CBP的工作感到非常钦佩","他好奇CBP如何使用捐款 & 他对自己的捐款感到后悔","他期待CBP能公开透明地展示捐款使用情况 & 他好奇CBP的工作细节","A","Dynamic Changes in Emotion","Emotion Fluctuations"
"509","在美术馆参观的小李，对着一幅画驻足良久，喃喃自语道：“这画简直美极了。”他身边的同伴小李觉得这幅画一般，于是小李决定分享他对这幅画的独特见解。在听完小李的讲解后，小李的同伴不禁对这幅画有了全新的认识，并发出了赞叹。
问题:在此情况下，小李的同伴为什么会感觉欣赏 & 感激?","他发现这幅画背后的深刻含义 & 他对小李的独到见解感到惊讶","他始终无法理解这幅画的美丽所在 & 小李的讲解让他觉得这幅画更加无趣","小李的讲解让他对这幅画有了全新的认识 & 他对小李的分享感到非常感激","他没想到小李会对这幅画有如此深入的研究 & 他对小李的解释感到困惑","C","Dynamic Changes in Emotion","Emotion Transitions"
"432","一个关于电影续集的讨论小组中，小张表达了对电影《第九区》中某个角色复活的看法。尽管大多数成员对此表示反对，但他却认为这样的复活会带来有趣的情节发展。当讨论转向其他话题时，小张意外地发现有几个成员开始认同他的看法。
问题:在此情况下，小张为什么会感觉兴奋 & 惊讶?","他的看法最初遭到反对 & 有成员最终认同了他的看法","他无法说服任何人接受他的观点 & 他意外地发现导演也在考虑这个想法","讨论小组对他的看法不感兴趣 & 他突然意识到自己犯了一个错误","他的想法被大家接受 & 他对电影剧情有了新的理解","A","Dynamic Changes in Emotion","Emotion Transitions"
"77","在上次UFC赛事陷入一片混乱之后，小杰在讨论会上毫不犹豫地提出了一个看似无懈可击的策略组合。在场的观众都对他的镇定自若感到惊讶，随后他展示了详细的计划，大家开始认真考虑这个方案。最后，当他结束演讲坐下时，他的朋友小李悄悄对他说：“你刚刚表现得真厉害。”
问题:在此情况下，小杰为什么会感觉镇定 & 紧张?","他对自己的策略很有信心 & 赛事的混乱让他感到愤怒","他必须保持冷静以说服大家 & 内心其实对结果感到紧张","他知道自己的策略是对的 & 他对在场的反应感到自信","他没想到大家会如此快地接受他的方案 & 他对自己的演讲感到紧张","B","Dynamic Changes in Emotion","Emotion Fluctuations"
"451","小王在公司的新人培训中误入了一个高级会议。在会议中，他对于讨论的专业内容一无所知，感到非常迷茫。然而，在会议结束时，经理发现了他并耐心地为他解释了所有他不懂的地方。小王恍然大悟，并对经理说。
问题:在此情况下，小王为什么会感觉迷茫 & 感激?","他在会议中感到迷茫，因为内容对他来说太专业了 & 经理耐心的解释让他感到非常感激","他误入高级会议，感到非常尴尬 & 经理没有责怪他，反而耐心教导","他对于能够参加会议感到惊讶 & 经理的解释让他更加感激","他担心自己无法适应这个工作 & 经理的解释并没有解决他的疑惑","A","Dynamic Changes in Emotion","Emotion Transitions"
"128","在一次社交聚会上，小明遇到了一个对他传统文化藏品很感兴趣的朋友。朋友好奇地询问他一些关于藏品的问题。小明感觉到朋友的提问非常真诚，便决定分享一些他视为珍宝的藏品故事。
问题:在此情况下，小明为什么会感觉信任 & 欣喜?","他认为朋友不真诚 & 他感觉到朋友的提问是出自内心的好奇","他很少与人分享自己的藏品故事 & 朋友表现出了对藏品的真正理解和尊重","他感觉到朋友的提问很肤浅 & 他发现朋友对藏品的了解很深入","他担心分享后藏品会被贬低 & 他与朋友分享后得到了对方的赞赏","B","Dynamic Changes in Emotion","Emotion Transitions"
"406","小王自认为是个情感稳定的人，从未像有些人那样每隔3到6个月就更换一次恋爱对象。然而，当他遇到了小芳，他的信念开始动摇。他们相识于一个朋友聚会，不久后，小王发现自己在思考未来时总会不自觉地想到小芳。
问题:在此情况下，小王为什么会感觉迷茫 & 恐慌?","他发现自己对小芳有着不同寻常的情感 & 他习惯于稳定的情感状态","他意识到自己对小芳的感情可能打破了以往的情感模式 & 他对小芳的感情感到不确定","他不确定自己是否愿意改变目前的情感规律 & 他对小芳的感情感到迷茫","他对自己突然的情感变化感到恐慌 & 他对小芳的感情感到兴奋","A","Dynamic Changes in Emotion","Emotion Fluctuations"
"162","小王和小李是多年的好友，两人一起合作完成了一项重要的项目。在项目汇报时，小李因为紧张而忘记感谢小王的贡献。结束后，小王似乎有些不高兴。晚上，小李给小王发了一条信息说：“我之前不知道，真的很抱歉。”
问题:在此情况下，小王为什么会感觉失望 & 宽容?","因为小李的遗忘感到失望 & 因为小李的道歉而选择宽容","因为小李的紧张导致项目失败 & 因为小李的及时道歉而原谅他","因为自己被忽视而感到悲伤 & 被小李的真诚所感动","对小李的道歉感到惊讶 & 认为道歉不足以弥补","A","Dynamic Changes in Emotion","Emotion Transitions"
"605","小王最近一直忙于准备马拉松比赛，每天早起晨跑，晚上健身房训练。今天，比赛的日子终于来临，他早早地起床，准备参赛。然而，当他热身时，他不小心伤到了脚踝。尽管如此，他决定要坚持比赛。随着比赛的进行，小王感到自己的精力越来越充沛。
问题:在此情况下，小王为什么会感觉兴奋 & 振奋?","他因伤感到痛苦，但不想放弃比赛 & 他在比赛中找到了新的动力","比赛前的紧张感消失，取而代之的是比赛的兴奋 & 他意识到自己可以战胜困难","他对自己能完成比赛感到失望 & 比赛中的观众给了他正能量","长时间的训练让他感到疲惫 & 他知道胜利就在前方","B","Dynamic Changes in Emotion","Emotion Fluctuations"
"586","小杰想为他的车安装一套新的音响系统。他研究了很久，终于找到了一款理想的音响，但安装过程却让他犹豫不决。因为他需要重新布线，甚至要改动车的电路，这让他觉得有些得不偿失。
问题:在此情况下，小杰为什么会感觉兴奋 & 犹豫?","他找到了理想的音响系统 & 他担心安装过程会影响车辆电路","他不喜欢目前的车载音响 & 他没有足够的钱支付专业的安装费用","他想要升级他的音响系统以提高驾驶体验 & 他害怕自己安装会导致车辆损坏","他发现了一个性价比高的音响系统 & 他不确定自己是否有足够的技能进行安装","A","Dynamic Changes in Emotion","Emotion Fluctuations"
"135","小李家的热水器旁边有一个排水管，他一直认为这个设计很实用。有一天，一位朋友提醒他，为了防止热水器漏水，最好安装一个排水盘。小李感谢朋友的提醒，并表示会考虑安装。
问题:在此情况下，小李为什么会感觉安心 & 感激?","他家的热水器旁边有排水管，觉得已经足够安全 & 朋友的提醒让他意识到了可能的风险","他不知道排水盘有什么作用 & 他对朋友的知识感到钦佩","他认为自己的设计很完美，不需要改动 & 朋友的好意让他感到温暖","朋友的提醒让他对可能的安全隐患感到担忧 & 他感谢朋友的关心","A","Dynamic Changes in Emotion","Emotion Transitions"
"57","小王在玩一个填字游戏，看到有一个奇怪的单词要填，他花了很长时间去猜测正确的拼写。经过一番努力，他突然意识到这是一个变体拼写的“Boys Don’t Turbo Grafx 16”。他忍不住笑了起来，但随后又皱起了眉头。
问题:在此情况下，小王为什么会感觉疑惑 & 欣喜 & 愤怒?","他花了很长时间才意识到这是变体拼写 & 他觉得游戏设计得很有创意 & 他觉得自己被游戏愚弄了","他无法完成这个填字游戏 & 他意识到这是他最喜欢的歌曲的变体拼写 & 他对游戏中的这个小玩笑感到愤怒","他一开始没认出这个单词 & 他发现了解决问题的方法 & 他对游戏的设计感到不满","他在游戏中遇到了难关 & 他发现这是个有趣的巧合 & 他对游戏的难度感到挫败","A","Dynamic Changes in Emotion","Emotion Fluctuations"
"607","在一次家庭聚会上，小王被一个好奇的远方表亲问及和另一个在场的人是否是亲戚。小王否认了，但表亲继续问是否是另一种更具体的亲属关系。
问题:在此情况下，小王为什么会感觉困惑 & 不耐烦?","他不知道为何表亲对这种事情如此好奇 & 他觉得这样的问题很无聊","他不确定表亲所指的具体亲属关系 & 他不想在聚会上讨论家庭关系","他感到被误解了 & 他认为这种问题侵犯了他的隐私","他对于表亲的好奇心感到惊讶 & 他对这种问题显得有些过敏","B","Dynamic Changes in Emotion","Emotion Transitions"
"545","在一次篮球比赛中，小杰作为最佳第六人的表现令人瞩目。他在最后几分钟内连续得分，帮助球队反败为胜。赛后，队友们纷纷向他表示祝贺，但小杰只是微笑，没有多说什么。
问题:在此情况下，小杰为什么会感觉兴奋 & 平静?","他在关键时刻帮助球队赢得了比赛 & 他深知胜利背后的艰辛","他对自己在比赛中的表现感到不满 & 他为球队的胜利感到开心","队友们的祝贺让他感到骄傲 & 他认为这只是自己应尽的职责","他在比赛中受伤了 & 他为球队的胜利感到开心","A","Dynamic Changes in Emotion","Emotion Fluctuations"
"233","老李总是喜欢跟年轻人讲述他年轻时的经历。他说，在他们那个年代，人们甚至不需要语言就能生存。动物们在不同的环境中自由漫步，发出不同的声音来交流。年轻人听后，开始质疑现代社会的交流方式，感到十分惊讶。
问题:在此情况下，年轻人为什么会感觉疑惑 & 惊讶?","他对老李的描述感到难以置信 & 他意识到现代社会的交流方式可能并不是最自然的","他认为老李在讲故事 & 他对动物的交流方式产生了好奇","他发现老李的经历与现代社会差异巨大 & 他对老李的描述感到同情","他无法想象没有语言的生活 & 他对老李的观点感到厌恶","A","Dynamic Changes in Emotion","Emotion Transitions"
"40","小王在社交媒体上经营着一个健身博客，她每周都会分享自己的体重变化。本周，小王发现自己体重没有如期下降，她害怕打开秤看到又是令人失望的结果。她担心如果连续几周都没有好消息，她的粉丝会失去信心并停止关注。
问题:在此情况下，小王为什么会感觉失望 & 焦虑?","她的体重没有如期减少 & 她担心粉丝对她的失望","她没有遵循自己的健身计划 & 她的粉丝开始取消关注","她对自己的饮食控制不够严格 & 她害怕面对秤上的数字","她感到自己的努力没有得到回报 & 她担心自己会放弃","A","Dynamic Changes in Emotion","Emotion Fluctuations"
"530","小王最近常常独自一人在办公室加班到很晚。今天，他像往常一样处理完工作后，发现外面已经下起了大雨。他突然想起家里还有一盒没吃完的饼干，于是决定撑伞回家。刚走出楼门，一个身影急匆匆向他跑来，是他的同事小张，手里拿着一把伞，说是特意来给他送伞的。
问题:在此情况下，小王为什么会感觉惊喜 & 感动?","他意识到自己的孤独和忧郁 & 他没有期待任何人会关心他","他在雨中独自走回家 & 小张的到来让他感到意外和感动","小张的行为让他意识到自己的孤独 & 小张的关心让他感到惊喜","他原本以为自己会淋雨回家 & 小张的出现是个意外","B","Dynamic Changes in Emotion","Emotion Fluctuations"
"322","在医院的急诊室，小明因为意外事故被送了进来。检查过程中，他突然开始不断地发出‘哦哦’、‘啊’和‘哦’的声音。医生和护士都紧张地看着他，周围的气氛变得异常紧张。然而，随后小明笑出声来，大家才松了一口气。
问题:在此情况下，小明为什么会感觉痛苦 & 惊讶 & 欣慰?","他突然意识到自己的伤势并不严重 & 他对急诊室的环境感到陌生 & 他为自己的幸运感到高兴","他需要立即进行手术 & 他对医生的诊断感到惊讶 & 他感到安心因为医生说他会好起来的","他意外地发现自己只是虚惊一场 & 他对刚才的疼痛感到痛苦 & 他对于能及时就医感到欣慰","他感到恐慌因为不知道自己的伤势如何 & 他对医生的安慰感到惊讶 & 他安心是因为家人赶到了医院","C","Dynamic Changes in Emotion","Emotion Fluctuations"
"279","小杰在朋友圈看到别人晒跑步的照片，心想自己也曾热爱跑步。他回想起过去跑步时的快乐，觉得如果能重新找回那种感觉该多好。于是，他决定再次尝试跑步。然而，多年没有锻炼，小杰发现跑步变得异常艰难。
问题:在此情况下，小杰为什么会感觉期待 & 悲伤?","他期待能重新找回跑步的乐趣 & 跑步的艰难让他感到悲伤","他发现自己无法像以前那样轻松跑步 & 他为多年没有锻炼感到失望","他坚定地相信自己能重新开始跑步 & 跑步时遇到的困难让他感到焦虑","他惊讶地发现跑步变得如此艰难 & 他为失去的体能感到悲伤","A","Dynamic Changes in Emotion","Emotion Transitions"
"171","小王计划了一个月的假期旅行，他列了一个清单，上面写满了想要去的地方和体验的活动。今天是他出发的日子，但是在机场，他发现自己的机票不见了。
问题:在此情况下，小王为什么会感觉激动 & 惊慌?","他期待已久的旅行终于要开始了 & 他突然发现自己的机票不见了","他忘记了自己已经把机票放在背包里了 & 他意识到可能无法按时出发","他发现机场里有很多有趣的事情可以做 & 他意识到可能丢失了机票","他的朋友告诉他找到了一张更好的旅游地图 & 他突然发现自己的机票不见了","A","Dynamic Changes in Emotion","Emotion Fluctuations"
"363","在一次公开演讲中，张先生激烈地批评某些媒体，称它们为“人民的公敌”和“假新闻”。听众中的一位记者小李，最初感到愤怒和被误解。但随后，张先生开始阐述他的观点，并解释了他的立场背后的担忧。小李开始重新考虑自己的立场，并感到一种新的理解。
问题:在此情况下，记者小李为什么会感觉愤怒 & 理解?","张先生对媒体的批评让小李感到被攻击 & 张先生后来的解释使小李开始理解他的立场","小李认为张先生误解了媒体的角色 & 小李意识到张先生可能是对的","张先生的言论让小李感到震惊 & 小李认为张先生只是在吸引注意力","小李不同意张先生的观点 & 张先生的解释并没有改变小李的看法","A","Dynamic Changes in Emotion","Emotion Fluctuations"
"150","小明一直不喜欢物理课，今天他得知学校要举行物理知识竞赛。出于对挑战的热爱，他决定参加。尽管准备不充分，但在竞赛中，他意外地解决了一道难题，赢得了同学们的掌声。
问题:在此情况下，小明为什么会感觉焦虑 & 自豪?","他在竞赛中表现不佳 & 他意外地解决了一道难题","他一直擅长物理 & 他没有为竞赛做准备","他不喜欢物理课 & 他赢得了同学们的掌声","他不喜欢物理课 & 他意外地解决了一道难题","D","Dynamic Changes in Emotion","Emotion Transitions"
"360","我坐在那里，感觉寒冷无比。突然，我回忆起那次去参加冰球城市经典赛，那时的气温和今晚差不多，只差了一度左右，但我却感觉和那时一样寒冷。
问题:在此情况下，我为什么会感觉怀旧 & 寒冷?","气温的下降让我回想起了过去的冰球比赛 & 今晚的气温让我感觉异常寒冷","我本来期待一个温暖的夜晚 & 惊讶于自己的耐寒能力","冰球比赛让我失望 & 今晚的气温和那时一样低","我惊讶于自己能在如此寒冷的天气下回忆起细节 & 气温的下降让我更加感到孤独","A","Dynamic Changes in Emotion","Emotion Fluctuations"
"254","小张发现了一款声称能自动进行货币交换的软件。他很好奇这款软件的工作原理，想着是否它真的能自动交换货币，还是仅仅根据汇率列表进行操作。他决定稍后再深入研究。
问题:在此情况下，小张为什么会感觉好奇 & 怀疑?","他对新软件的功能感到好奇，但对其宣传的真实性有所怀疑 & 他之前从未遇到过类似的软件","他期待软件能帮他赚钱，对此感到兴奋 & 他已经查看了软件的用户评价，发现评价很高","他对软件的工作原理感到惊讶 & 他认为软件的宣传过于夸张","他不确定软件是否真的如宣传所言 & 他决定亲自测试软件的功能","A","Dynamic Changes in Emotion","Emotion Fluctuations"
"65","小王在经历了一场失败的感情后，朋友小李鼓励她要为自己而活，去追求更高的学历和事业，重新找回自我。小王听从了小李的建议，报名参加了一个在职研究生课程。几个月后，她在公司的业绩评估中获得了优异的成绩，并得到了晋升。
问题:在此情况下，小王为什么会感觉坚定 & 感激?","她在感情中受到伤害，但朋友的鼓励让她找到了新的方向 & 她感激小李的激励和建议","她在职研究生课程中遇到了困难，感觉无法继续 & 她为自己的成就感到自信","她不确定自己的决定是否正确 & 她意外地获得了公司的晋升","她的前男友试图复合，但她已经决定向前看 & 她对前男友感到悲伤和绝望","A","Dynamic Changes in Emotion","Emotion Transitions"
"383","小王在网上购物时遭遇了商家不公平的待遇。他了解到，如果填写在线投诉表单，不仅可以投诉，还能获得赔偿。而且，一旦投诉，商家在两年内都不得再骚扰他。小王深思熟虑后，决定填写投诉表单，并在点击“提交”按钮后深深地舒了一口气。
问题:在此情况下，小王为什么会感觉安心 & 满足?","他知道自己的权益得到了保障 & 他成功提交了投诉表单","他担心商家会继续骚扰他 & 他不确定是否能获得赔偿","他对于要和商家争执感到焦虑 & 他了解到可以安静地等待结果","他对于能获得赔偿感到意外 & 他对商家的不公平待遇感到愤怒","A","Dynamic Changes in Emotion","Emotion Transitions"
"424","小张通常每周都会看Smackdown节目，但本周因为一些原因他没能看上。他知道自己不能仅仅因为往常的表现就假定本周的表演也会一样出色。尽管他对不能给出公正评价感到有些不舒服，但他知道丹尼尔·布莱恩本周没有出现在节目中。
问题:在此情况下，小张为什么会感觉疑惑 & 不安?","他通常每周都会看Smackdown节目，但本周没能看 & 他不能假定本周的表演也会一样出色","他的朋友告诉他节目很精彩，但他自己无法验证 & 丹尼尔·布莱恩本周没有出现在节目中","他对Smackdown节目本周的表演质量感到失望 & 他没有时间看节目","他不确定本周的节目是否会像往常一样好 & 他对不能给出评价感到不舒服","D","Dynamic Changes in Emotion","Emotion Fluctuations"
"374","小王最近开始学习如何在感到压力大时通过冥想来平静自己的心情。今天，他在工作中遇到了前所未有的挑战，决定试一试冥想。经过一段时间的冥想练习，他发现自己的心情逐渐平和，面对问题也变得更加冷静。
问题:在此情况下，小王为什么会感觉焦虑 & 平静?","他工作中遇到了前所未有的挑战 & 他通过冥想成功地平静了自己的心情","他对冥想的效果感到惊讶 & 他发现自己无法集中精神冥想","他未能通过冥想获得平静 & 他对工作的挑战感到绝望","他在冥想中找到了新的灵感 & 他对工作的挑战感到激动","A","Dynamic Changes in Emotion","Emotion Transitions"
"501","小张在餐厅吃了一口他点的菜后，立刻皱起了眉头，把筷子放下。服务员注意到了小张的反应，立刻走过来询问是否需要帮助。小张摇了摇头，说他只是对菜的味道感到意外。
问题:在此情况下，小张为什么会感觉失望 & 惊讶?","他期待已久的餐厅体验被菜的味道破坏了 & 他没有预料到菜的味道会是这样","他对餐厅的服务态度感到不满 & 菜的味道让他觉得反胃","他只是对菜的味道感到意外，并没有其他不满 & 他本来以为这道菜会是他喜欢的味道","他的朋友推荐了这道菜，但他觉得非常难吃 & 他对朋友的推荐感到失望","A","Dynamic Changes in Emotion","Emotion Fluctuations"
"340","小王正在投资市场上进行一项风险很高的投资。最近，他发现他的资产在迅速缩水，这让他感到非常焦虑。然而，在一次偶然的机会中，他发现了一位投资大师的分析，竟然和自己之前的判断如出一辙，这让他感到非常震惊和佩服。
问题:在此情况下，小王为什么会感觉焦虑 & 敬佩?","他的资产在迅速缩水 & 他发现投资大师的分析与自己的判断一致","他意识到自己可能破产 & 他对投资大师的分析感到震惊","他的投资策略失误 & 他从投资大师那里获得了新的启发","他的朋友都已经撤资 & 他对市场的波动感到惊讶","A","Dynamic Changes in Emotion","Emotion Fluctuations"
"490","小王今天似乎运气不佳，早晨出门时发现车胎没气了，赶到公司发现重要的会议提前了，午餐还不小心打翻了咖啡。但是，当他回到办公室，发现桌上意外地放着一个精美的蛋糕，原来是同事为他策划的惊喜生日派对。
问题:在此情况下，小王为什么会感觉失望 & 愉快?","一天内遭遇了许多不顺利的事情 & 发现同事们的惊喜令他感到温暖","忘记了今天的生日 & 同事们的惊喜让他非常开心","对一天的不顺感到非常沮丧 & 意外地在办公室发现了庆祝派对","对一天内的问题感到困惑 & 意外地发现蛋糕让他感到惊喜","C","Dynamic Changes in Emotion","Emotion Fluctuations"
"539","在一个网络论坛上，小刚看到有人在一个热门话题下发表了极端的观点。起初，他认为这个观点很有趣，但当看到更多的人回复并支持这个观点时，他开始感到困惑，不知道是不是自己的理解太肤浅了。最后，他决定深入研究这个话题，并提出了自己的看法。
问题:在此情况下，小刚为什么会感觉好奇 & 困惑?","他看到网络上不同的观点碰撞 & 他不确定自己的立场","他发现很多人支持那个极端观点 & 他对那个话题知之甚少","他认为那个极端观点很有趣 & 他想深入了解那个话题","他提出了自己的看法 & 他被其他网友的回复所困惑","A","Dynamic Changes in Emotion","Emotion Fluctuations"
"320","小张每次咨询后总感觉问题并没有得到解决，于是他开始对心理咨询感到迷茫。渐渐地，他不再积极参与咨询，而是选择沉默以对。然而，在一次偶然的机会中，他发现咨询师原来一直在用一种独特的方式引导他面对问题。
问题:在此情况下，小张为什么会感觉迷茫 & 感激?","他意识到咨询师一直在帮助他，只是方式不同 & 他原本以为咨询没有任何效果","他发现心理咨询其实是一门很难掌握的技艺 & 他对咨询的期望过高","他突然理解了咨询师的用心良苦 & 他感到自己之前的沉默是错误的","他意识到自己的问题可能比想象中复杂 & 他对咨询师的误解","C","Dynamic Changes in Emotion","Emotion Fluctuations"
"478","小明在音乐会上听到一段非常悦耳的旋律，那个节拍太顺滑了，让人忍不住随着音乐摇摆。然而，就在他沉浸在这美妙的音乐中时，音乐突然停止，舞台上出现了技术故障的提示。
问题:在此情况下，小明为什么会感觉愉快 & 失望?","他喜欢的音乐会进行得很顺利 & 音乐会因为技术问题突然中断","他发现了一个新的音乐风格 & 音乐会结束时他没有买到纪念品","他有机会和音乐家见面 & 音乐家表演时出现了错误","他在音乐会中遇到了老朋友 & 他丢失了音乐会门票","A","Dynamic Changes in Emotion","Emotion Fluctuations"
"307","在一次无聊的聚会中，小王感到十分乏味，突然，一个朋友神秘兮兮地走过来，对他耳语说：‘有趣吧？’小王疑惑地看着朋友，发现他手里拿着一张藏宝图。
问题:在此情况下，小王为什么会感觉好奇 & 兴奋?","他发现聚会原来是个寻宝游戏 & 朋友的神秘行为激起了他的兴趣","他意识到朋友在捉弄他 & 聚会实在太无聊了","他本期待聚会会有有趣的事情发生 & 发现原来是个普通的聚会","朋友的神秘行为让他感到惊讶 & 他对藏宝图感到好奇","A","Dynamic Changes in Emotion","Emotion Fluctuations"
"234","在艺术展览的开幕式上，小李的作品没有被放在显眼的位置，他有些失落。然而，当观众们开始陆续走进他的作品前仔细观赏并给予高度评价时，小李的情绪开始逐渐转变。
问题:在此情况下，小李为什么会感觉失望 & 惊喜?","他的作品没有得到预期的展示效果 & 观众的赞赏让他感到意外和高兴","他预期自己的作品会引起轰动，但实际上反应平淡 & 他意识到作品的艺术价值被观众认可","他误以为自己的作品被忽视了 & 一个艺术评论家高度评价了他的作品","他原本以为自己的艺术生涯就此终结 & 观众的积极反馈给了他新的希望","A","Dynamic Changes in Emotion","Emotion Fluctuations"
"204","小王在公司的年会上准备了一个幽默表演节目。当他上台表演时，他的每一个笑话都引起了哄堂大笑，直到他准备结束表演时，提到了一句关于公司政策的玩笑，虽然大家还是笑了，但他的上司脸色变得严肃起来。结束后，上司告诉他，他的表演很精彩，但是有一处需要修改。
问题:在此情况下，小王为什么会感觉自豪 & 担忧?","他的表演得到了同事们的认可 & 他担忧自己的玩笑可能触犯了上司","他的表演被上司批评了 & 他没有预料到一句玩笑会引起上司的不悦","他成功地让大家在年会上开心 & 他意识到自己的玩笑可能有些过火","他在年会上表演得很紧张 & 他不确定自己的表演是否被大家喜欢","C","Dynamic Changes in Emotion","Emotion Transitions"
"598","小张最近面临人生的抉择，无论是职业的转变还是感情生活的变故，都让他感到无所适从。今天，他站在公司大楼外，手中握着辞职信，心中充满了对不同未来的恐惧，不知道是否该递进去。在犹豫不决的时候，他抬头看向天空，默默祈祷希望能够得到指引。
问题:在此情况下，小张为什么会感觉恐惧 & 不安?","他对未知的未来感到恐惧，无论结果是好是坏 & 他相信上帝会帮助他走过难关","他对自己的决定感到不满 & 他害怕面对可能的失败","他失去了对生活的热情 & 他认为上帝已经放弃了他","他对目前的工作感到愤怒 & 他觉得没有其他更好的选择","A","Dynamic Changes in Emotion","Fear and Anxiety"
"262","小王对即将到来的篮球赛自信满满，他的朋友小李却不以为然，认为对手太强。比赛当天，小王意外受伤，不得不退出比赛。看到队友们在场上奋力拼搏，小王在一旁大声加油。
问题:在此情况下，小王为什么会感觉悲伤 & 激动?","他受伤无法参赛 & 队友们表现得非常好","他输掉了比赛 & 观众们为他感到遗憾","他的朋友小李的质疑激发了他的斗志 & 他看到队友们拼搏的精神","他原本期待自己能带领队伍获胜 & 意外的受伤让他感到绝望","A","Dynamic Changes in Emotion","Emotion Transitions"
"257","小张在做一个复杂的项目，开始时一切都在按计划进行。但随着时间的推移，出现了一些小问题，他没太在意。然而，不久之后，这些问题开始累积，如同滚雪球般越滚越大，直至演变成一个他无法理解和解决的大麻烦。
问题:在此情况下，小张为什么会感觉困惑 & 焦虑?","项目初始阶段的顺利进行让他放松了警惕 & 小问题的出现没有得到及时处理","他本来以为能够轻松解决这些问题 & 突然发现问题的复杂程度超出了他的预期","他对项目的控制力逐渐减弱 & 他无法理解问题的本质","他对于问题的累积感到意外 & 他没有及时寻求帮助","A","Dynamic Changes in Emotion","Emotion Fluctuations"
"483","小王今晚熬夜加班，意外收到好友发来的电影链接，附带一句‘这部片子不错，推荐给你看。’小王回复说：‘谢谢，已经保存了。明天早上看。’
问题:在此情况下，小王为什么会感觉疲惫 & 期待?","他今晚加班到很晚，感到非常疲惫 & 他对朋友推荐的电影感到好奇和期待","他不喜欢看早上看电影 & 他觉得看这部电影会浪费他的时间","他因为加班而心情不好 & 他感谢朋友在他疲惫时给予的关心","他担心明天早上的会议 & 他不确定是否应该信任朋友的推荐","A","Dynamic Changes in Emotion","Emotion Transitions"
"20","小王移居到了地中海地区，他享受着那里温暖的阳光和宜人的风景。然而，最近他的家乡开始振兴发展，朋友们在社交平台上分享的家乡变化让他感到有些羡慕。今天，他接到一个电话，得知自己被邀请参加一个重要的家乡庆典，这让他陷入了沉思。
问题:在此情况下，小王为什么会感觉满足 & 矛盾?","他享受地中海的阳光和风景 & 朋友分享的家乡变化让他感到矛盾","他不喜欢地中海的气候 & 他希望能参加家乡的庆典","他被邀请参加家乡庆典 & 他对现在的生活感到满意","他对家乡的变化感到高兴 & 他不想离开地中海的生活","A","Dynamic Changes in Emotion","Emotion Fluctuations"
