"1","小黄对于改变美国戏剧现状非常热衷，但感觉自己在参与讨论时似乎总是遇到偏向性的情况，这让他感到有些无奈。
问题:
在此情况下，对于小黄来说，什么是最有效的举措？","探讨戏剧发展","提出建设性批评","鼓励其表达观点","帮助分析讨论偏差","C","Personal Scenarios","Emotional Support"
"67","她说自己感觉非常不好，不知道该怎么办，希望能有人可以聊聊。
问题:
在此情况下，对于她来说，什么是最有效的举措？","进行心理疏导","讨论日常兴趣","给予鼓励和支持","一起制定解决计划","C","Personal Scenarios","Emotional Support"
"202","最近与朋友相处时，感到他们都很友好，似乎能够理解我的感受。
问题:
在此情况下，对于我来说，什么是最有效的举措？","寻求专业心理咨询","进行深入的内心交流","一起参与社交活动","开展互帮互助活动","B","Personal Scenarios","Emotional Support"
"323","张伟最近的项目获得了成功，经济上有了不错的收入。但他似乎对如何合理规划使用这笔钱感到困惑，希望能找到合适的建议。
问题:
在此情况下，对于张伟来说，什么是最有效的举措？","帮助制定理财计划","讨论投资机会","分享节省开支的经验","一起庆祝收入增加","A","Personal Scenarios","Self-Development"
"428","小王是一个内向的人，通常不在人群中发言。但这次，他感觉自己的想法很重要，希望能够得到他人的理解和认同。
问题:
在此情况下，对于小王来说，什么是最有效的举措？","鼓励他表达自己","教他如何更好地沟通","安排一次小型讨论会","建议他写下来","A","Personal Scenarios","Emotional Support"
"121","一个小女孩刚刚满一岁，她总是试图通过做一些小事来吸引家人的注意，希望能感受到自己的重要性。
问题:
在此情况下，对于小女孩来说，什么是最有效的举措？","一起玩游戏","教她新技能","肯定她的行为","给她讲童话故事","C","Personal Scenarios","Emotional Support"
"606","你的用户名让我觉得你会喜欢我讲的这个笑话。
问题:
在此情况下，对于你来说，什么是最有效的举措？","分享另一个笑话","询问对笑话的看法","讨论个人兴趣","提出一些建议","A","Personal Scenarios","Emotional Support"
"497","在第一次全程马拉松中，尽管我走过了所有的补水站点，但我不认为走路有什么不好。然而那一刻，我特别固执，就是想赶紧回到家，我需要有什么东西来激励我。
问题:
在此情况下，对于我来说，什么是最有效的举措？","给予跑步技巧指导","分享马拉松经验","提供坚持的力量","制定赛后恢复计划","C","Personal Scenarios","Self-Development"
"647","在上一次的综合格斗比赛事件中发生了混乱之后，他竟然能面不改色地谈论那些招式组合，可见他对此事的投入程度。
问题:
在此情况下，对于他来说，什么是最有效的举措？","讨论比赛规则","分析选手技巧","倾听他的看法","评价比赛组织","C","Personal Scenarios","Emotional Support"
"588","小李感到被一个他原本非常信任并且喜欢的人误导了，对此他感到很困惑，不知道该怎么办。
问题:
在此情况下，对于小李来说，什么是最有效的举措？","分析事情经过","给予心理疏导","一起进行娱乐活动","提供法律建议","B","Personal Scenarios","Emotional Support"
"198","小明承认了，他确实笑出来了。当时他在观看一部喜剧电影，虽然他知道不应该在安静的影院里大笑，但某个桥段实在让他忍俊不禁。
问题:
在此情况下，对于小明来说，什么是最有效的举措？","分享喜剧电影心得","讨论影院礼仪","安慰他的尴尬情绪","一起看喜剧放松","A","Personal Scenarios","Emotional Support"
"47","张伟在社交媒体上看到一篇五年前的视频帖子，他觉得这篇帖子似乎没有必要发出来，觉得这可能只是为了引起争议。他对此感到有些烦恼。
问题:
在此情况下，对于张伟来说，什么是最有效的举措？","分析社交媒体动态","讨论网络安全问题","倾听他的不满","建议忽略这类内容","C","Personal Scenarios","Emotional Support"
"125","小王最近对健康饮食产生了浓厚的兴趣，他发现很多内脏类食品营养价值很高，但奇怪的是没有成为一种流行的饮食风尚。
问题:
在此情况下，对于小王来说，什么是最有效的举措？","探讨健康饮食的趋势","分享烹饪内脏的方法","讨论营养学的基本知识","一起制定健康饮食计划","C","Personal Scenarios","Health and Wellness"
"526","最近我感觉很有勇气，想要重新开始跑步。尽管之前尝试过但因为各种原因放弃了，现在我希望能够坚持下去。
问题:
在此情况下，对于我来说，什么是最有效的举措？","鼓励并制定计划","分享跑步的好处","讨论之前的挑战","提供训练技巧","A","Personal Scenarios","Self-Development"
"168","安德鲁参加了一场大型的特卖会，他非常希望能在人群中抢到最好的折扣。他强调必须早点到达那里，因为那些精明的购物者是不会浪费任何时间的。
问题:
在此情况下，对于安德鲁来说，什么是最有效的举措？","帮助制定购物计划","分享省钱的小窍门","聆听他的购物策略","建议放慢购物节奏","C","Personal Scenarios","Emotional Support"
"100","他们正在对我们所做的事情做出反应，我感觉到他们正在密切关注我们，这让我感到更加快乐，我能够真实地感觉到他们的支持。
问题:
在此情况下，对于我来说，什么是最有效的举措？","表达感激之情","询问他们的看法","分享成功的喜悦","进行团队建设活动","A","Personal Scenarios","Emotional Support"
"76","我试图完成所有的事情，但感到压力很大，我开始思考以前那些女性的经历。
问题:
在此情况下，对于我来说，什么是最有效的举措？","讨论时间管理技巧","倾听并理解感受","提供放松训练建议","分享历史人物故事","B","Personal Scenarios","Emotional Support"
"578","小明曾在城南一家混乱的烟酒店工作，他回忆起那里的每一天都充满了挑战。他笑着说，现在想起那些日子，真是感慨万分。
问题:
在此情况下，对于小明来说，什么是最有效的举措？","分享类似工作经验","讨论职业发展规划","倾听他的过去经历","建议转换心情的方式","C","Personal Scenarios","Emotional Support"
"467","她总说想要逃离城市的喧嚣，去到一个有阳光、有云朵的小山丘上，静静地享受大自然的拥抱。
问题:
在此情况下，对于她来说，什么是最有效的举措？","共同规划旅行","探讨自然环境的价值","倾听她对自然的向往","建议进行户外活动","C","Personal Scenarios","Emotional Support"
"49","在一天辛苦的工作后，张伟向你道了谢并说了晚安，他看上去似乎需要一点安慰和关怀。
问题:
在此情况下，对于张伟来说，什么是最有效的举措？","询问他明天的计划","表达关心并建议休息","进行闲聊","讨论一天的工作","B","Personal Scenarios","Emotional Support"
"359","他每年的这个时候都在期待着奇迹的发生，虽然至今为止还没有实现，但他仍然保持着乐观的态度。
问题:
在此情况下，对于他来说，什么是最有效的举措？","探讨未来的计划","分享励志故事","进行心理疏导","开展轻松的闲聊","B","Personal Scenarios","Emotional Support"
"559","在这个地区，经常能看到一些特定的男性或场景，我不想总是带着有色眼镜去评判，但面对如此多的贩卖人口、被迫性工作和几乎等同于奴隶制的情况，感到有些心灰意冷确实很难避免。
问题:
在此情况下，对于我来说，什么是最有效的举措？","探讨社会问题","提供心理纾解","分享正面故事","分析法律政策","B","Personal Scenarios","Emotional Support"
"301","小王刚完成了一项艰巨的任务，他兴奋地发信息说‘太棒了，我们庆祝一下吧！把免费的礼包发给我’，但字里行间似乎透着一丝疲惫。
问题:
在此情况下，对于小王来说，什么是最有效的举措？","询问他的疲劳状态","提议线上游戏放松","一起外出聚会","快递一份庆祝礼物","B","Personal Scenarios","Emotional Support"
"274","革命队伍的领导被下面的革命者指出压榨他们的劳动。他感到很受伤，不明白为什么自己的努力会换来这样的误解。
问题:
在此情况下，对于革命队伍的领导来说，什么是最有效的举措？","进行团队建设","解释管理理念","倾听大家的意见","开展内部调查","C","Personal Scenarios","Emotional Support"
"512","张伟对即将到来的事情抱有乐观的态度，以至于他的言语中充满了期待。
问题:
在此情况下，对于张伟来说，什么是最有效的举措？","询问具体原因","提醒保持谨慎","分享个人经验","给予鼓励支持","D","Personal Scenarios","Emotional Support"
"598","最近经历了一些事情，感到身边的人特别忠诚，但仍然对某位朋友能否信任感到犹豫。
问题:
在此情况下，对于主角来说，什么是最有效的举措？","分享信任的重要性","讨论人际关系的复杂性","倾听内心的疑惑","提供友情建议","C","Personal Scenarios","Emotional Support"
"394","小明最近对某件事情感到非常困惑，他发现了一个自己从未了解过的事物，对此他感到非常惊讶。
问题:
在此情况下，对于小明来说，什么是最有效的举措？","探讨新事物的详情","分享相似经历","进行科普教育","提供心理支持","D","Personal Scenarios","Emotional Support"
"385","小张手里拿着酒，突然说要去呕吐，他说是因为悲伤过度。
问题:
在此情况下，对于小张来说，什么是最有效的举措？","劝他喝酒解愁","询问他发生了什么事","帮他分析悲伤的原因","安慰并陪伴他","D","Personal Scenarios","Emotional Support"
"260","小张最近总感觉有一种无形的压力，生活节奏加快，让他有些喘不过气来。
问题:
在此情况下，对于小张来说，什么是最有效的举措？","一起进行压力分析","教他放松技巧","分享相同经历","讨论解决策略","B","Personal Scenarios","Emotional Support"
"63","小王租住的房子每月要3500美元，而且必须签至少三个月的租约。除此之外，租金还不包含在保险范围内，他感到有些无奈。
问题:
在此情况下，对于小王来说，什么是最有效的举措？","帮助寻找新住处","讨论保险政策","倾听他的困境","提供建议降低生活成本","C","Personal Scenarios","Emotional Support"
"465","最近，一位朋友开始学习如何使用枪械，而这让我感到有些不安。我不确定自己对此事的感受，想要找个人谈谈。
问题:
在此情况下，对于我来说，什么是最有效的举措？","探讨枪械使用的安全性","分享对枪械控制的观点","倾听内心的担忧","讨论枪械学习的利与弊","C","Personal Scenarios","Emotional Support"
"184","小王在经历了一段深刻的感情挫折后，决定放下过去，勇敢地寻找新的真爱。在转变的过程中，他希望得到一些鼓励和支持。
问题:
在此情况下，对于小王来说，什么是最有效的举措？","探讨人生意义","鼓励保持乐观","分享感情经历","建议休息调整","B","Personal Scenarios","Emotional Support"
"569","小王最近总是忙碌于工作和各种社交活动，他说自己有很多事情要做，很多新鲜事物要看。
问题:
在此情况下，对于小王来说，什么是最有效的举措？","帮助规划时间","一起探索新鲜事物","鼓励其放慢节奏","提供休息放松的建议","C","Personal Scenarios","Self-Development"
"245","小王最近似乎遇到了些麻烦，总是独自一人默默发呆，提到近况时，他只是淡淡地说了句‘更糟了’。
问题:
在此情况下，对于小王来说，什么是最有效的举措？","引导他表达困扰","讲述自己的趣事","询问具体发生了什么","推荐专业的心理咨询","A","Personal Scenarios","Emotional Support"
"290","小王在听到公司突然宣布的项目变动后，不禁喊出了声。最近他一直在为这个项目努力，现在却要面临全新的方向。
问题:
在此情况下，对于小王来说，什么是最有效的举措？","帮他分析形势","一起抱怨公司政策","鼓励他接受挑战","提供放松心情的建议","C","Personal Scenarios","Emotional Support"
"102","下周六，我有一种强烈的愿望，就是想一个人独处，虽然这样说自己感觉有些奇怪。
问题:
在此情况下，对于主角来说，什么是最有效的举措？","安排独处时间","建议参与社交活动","提供娱乐建议","询问原因并提供帮助","A","Personal Scenarios","Emotional Support"
"169","作为来自路易斯安那的人，他总是对密西西比和西弗吉尼亚州的坚守感到一份特别的感激，他们总是处于最底层却依然坚韧。
问题:
在此情况下，对于来自路易斯安那的人来说，什么是最有效的举措？","探讨地区发展","分享生活经历","倾听他对地区的感激之情","讨论其他州的优势","C","Personal Scenarios","Emotional Support"
"32","小明决定在普通的画布上完成这幅画作，因为他觉得在画布上绘画能让他更有艺术家的感觉。
问题:
在此情况下，对于小明来说，什么是最有效的举措？","赞赏他的创作","讨论绘画技巧","提供绘画材料建议","鼓励他参加艺术展览","A","Personal Scenarios","Self-Development"
"255","张伟经常回想起过去的日子，觉得现在的生活虽然有所改善，但依旧感到心头沉甸甸的。
问题:
在此情况下，对于张伟来说，什么是最有效的举措？","探讨生活变化","鼓励积极思考","倾听过去的故事","建议专业咨询","C","Personal Scenarios","Emotional Support"
"360","在一次志愿者活动结束后，张伟意外地被授予了一个表彰奖项，他表示自己真的很惊讶，也感到十分荣幸。
问题:
在此情况下，对于张伟来说，什么是最有效的举措？","询问他的志愿者经验","帮助他制定未来的志愿计划","分享自己的获奖感受","赞扬他的无私奉献","C","Personal Scenarios","Emotional Support"
"415","小王最近对诗歌产生了浓厚的兴趣，尤其是喜欢押韵的诗歌。他经常沉浸在自己的诗歌创作中，但有时也会对自己的作品感到不满意。
问题:
在此情况下，对于小王来说，什么是最有效的举措？","一起探讨诗歌创作","鼓励他参加诗歌比赛","帮助他分析诗歌优缺点","建议他暂时放松创作","C","Personal Scenarios","Self-Development"
"629","有人在网上分享了一个有趣的心理现象，他惊讶地发现原来自己的情况也有一个专门的名词。他感到既惊讶又有些不是滋味。
问题:
在此情况下，对于他来说，什么是最有效的举措？","探讨心理学知识","分享个人经历","进行轻松话题转换","安慰并给予正面反馈","D","Personal Scenarios","Emotional Support"
"625","小王本想躺在床上休息，但突然感到一阵强烈的暴力冲动，想打想踢，但又不想伤害任何东西。
问题:
在此情况下，对于小王来说，什么是最有效的举措？","询问生活压力","推荐运动释放","一起听音乐放松","进行冥想指导","B","Personal Scenarios","Emotional Support"
"574","听说她这么年轻健康就遇到了那种问题，真是让人意外。她最近似乎总是心事重重，希望能有人陪伴在身边。
问题:
在此情况下，对于她来说，什么是最有效的举措？","进行心理疏导","分享生活趣事","提供专业咨询","给予持续关心","D","Personal Scenarios","Emotional Support"
"210","小王看到一款新的运动应用程序，他表示很感兴趣并决定尝试一下，希望能借此改善自己的健康状况。
问题:
在此情况下，对于小王来说，什么是最有效的举措？","鼓励他的决定","询问使用体验","提供运动计划","讨论健身心得","A","Personal Scenarios","Self-Development"
"649","事情的发展出乎意料，让他感到有些措手不及。
问题:
在此情况下，对于他来说，什么是最有效的举措？","探究原因","给予鼓励","提供解决方案","进行心理疏导","D","Personal Scenarios","Emotional Support"
"571","最近，李明在与同事合作时感到不安，因为他们工作态度随意，且没有提供相关资格证明。李明开始对这次合作产生了疑虑。
问题:
在此情况下，对于李明来说，什么是最有效的举措？","进行风险评估","提供合作建议","开展信任建设对话","共同审查合作条款","C","Personal Scenarios","Emotional Support"
"70","小王最近常常心神不宁，他觉得自己的努力好像都白费了，心中有一种难以名状的不安。
问题:
在此情况下，对于小王来说，什么是最有效的举措？","鼓励他坚持下去","帮助他分析问题","陪他进行体育锻炼","听他倾诉心中的不安","D","Personal Scenarios","Emotional Support"
"499","张伟对目前的状况表示可以接受，但同时也觉得有点不太对劲。
问题:
在此情况下，对于张伟来说，什么是最有效的举措？","探究具体原因","提供心理辅导","进行日常闲聊","给予肯定和支持","A","Personal Scenarios","Emotional Support"
"603","一位刚退休的警察表示，他很高兴看到现在的社会状况，这正是他在职业生涯中努力制止的事情。
问题:
在此情况下，对于退休警察来说，什么是最有效的举措？","探讨退休生活规划","分享社会变革的见解","肯定其职业贡献","讨论公共安全话题","C","Personal Scenarios","Self-Development"
"650","虽然他是个陌生人，但他的言行让我想起了很多我已经认识的人，这让我对他有一种莫名的好感。
问题:
在此情况下，对于我来说，什么是最有效的举措？","询问他的故事","讨论已知的朋友","进行心理分析","开展闲聊","D","Personal Scenarios","Emotional Support"
"643","当朋友不慎将一只青蛙放入我的衣领时，我感到非常惊慌，需要有人帮助我平复情绪。
问题:
在此情况下，对于我来说，什么是最有效的举措？","开怀大笑","给予安慰","讲述类似的经历","询问是否受伤","B","Personal Scenarios","Emotional Support"
"26","今天是他的生日，他收到了一个美味的蛋糕，但他似乎并不太高兴，只是静静地坐在那里。
问题:
在此情况下，对于他来说，什么是最有效的举措？","询问他喜欢的口味","询问他的工作进展","分享自己的生日经历","默默地陪他吃蛋糕","D","Personal Scenarios","Emotional Support"
"450","一位音乐制作人发现自己越来越关注音乐作品的成功与否，他开始意识到人们想听的是音乐本身，而不是所谓的完美。
问题:
在此情况下，对于音乐制作人来说，什么是最有效的举措？","探讨音乐的本质","分享市场趋势","鼓励其实验新风格","帮助分析听众反馈","A","Personal Scenarios","Self-Development"
"208","最近一部带有“最后”一词的电影让他很失望，但他对另一部带有“最终”一词的电影似乎有些期待。
问题:
在此情况下，对于他来说，什么是最有效的举措？","讨论电影剧情","分享观影感受","推荐其他电影","分析电影制作","B","Personal Scenarios","Emotional Support"
"566","他并未察觉到，她正与那位尤克里里演奏者关系亲密。最近，他发现她在练习尤克里里时总是心不在焉。
问题:
在此情况下，对于他来说，什么是最有效的举措？","探讨音乐品味","分享感情经历","倾听他的疑惑","提供恋爱建议","C","Personal Scenarios","Emotional Support"
"563","今天，我刚刚意识到自己今天没有喝可乐，尽管今天摄入了不少其他垃圾食品，但对此我感到很自豪。
问题:
在此情况下，对于我来说，什么是最有效的举措？","鼓励保持健康饮食","讨论日常饮食习惯","分享减少可乐摄入的方法","提议制定新的饮食计划","A","Personal Scenarios","Health and Wellness"
"43","张伟在一次关于理想社会规模的讨论中提到，最理想的政治形态莫过于一个由150人组成、只拥有食物和衣物的小部落。他觉得这样的社会更加平等和和谐。
问题:
在此情况下，对于张伟来说，什么是最有效的举措？","探讨社会制度","分享生活观念","倾听他对社会的看法","讨论部落文化的利弊","C","Personal Scenarios","Self-Development"
"224","今天做沙拉时，我尝试了一些新的口味，用了姜和芝麻油来增添亚洲风味，尽管这和我之前的做法很不一样。
问题:
在此情况下，对于我来说，什么是最有效的举措？","询问他对新口味的看法","鼓励他继续尝试新事物","分享其他亚洲风味食谱","讨论健康饮食的重要性","B","Personal Scenarios","Self-Development"
"683","最近，有人发现小明沉迷于游戏，每天花很多时间在游戏里的重复劳作上，但他却乐在其中，甚至开玩笑说不要因为这样而责怪他。
问题:
在此情况下，对于小明来说，什么是最有效的举措？","一起探讨游戏策略","建议减少游戏时间","分享游戏乐趣","讨论时间管理技巧","C","Personal Scenarios","Self-Development"
"520","当感到被攻击或被侮辱时，发现其实这种被攻击的感觉只是自己内心的想象，这让他感到很困惑，不知如何应对。
问题:
在此情况下，对于他来说，什么是最有效的举措？","进行心理辅导","教他放松技巧","陪他分析情况","鼓励他表达自己","A","Personal Scenarios","Emotional Support"
"570","小王最近总是紧紧地抱着他的狗，仿佛在寻求某种安慰。问他怎么了，他只是说想和宠物多些亲密的时光。
问题:
在此情况下，对于小王来说，什么是最有效的举措？","一起外出散步","教他宠物训练技巧","倾听他的烦恼","提供宠物营养建议","C","Personal Scenarios","Emotional Support"
"630","上星期我尝试了吉尼斯啤酒，结果让我感到非常不适，我不明白它和其他啤酒有什么不同。
问题:
在此情况下，对于我来说，什么是最有效的举措？","解释啤酒的种类差异","分享品酒经验","推荐其他类型的啤酒","询问对啤酒的喜好","A","Personal Scenarios","Emotional Support"
"586","身为谈判专家，她在处理一个案件时展现出了杰出的能力，这让你感觉到她对未来充满了希望。
问题:
在此情况下，对于谈判专家来说，什么是最有效的举措？","讨论职业规划","分析案件过程","鼓励她保持乐观","帮助她放松心情","C","Personal Scenarios","Emotional Support"
"541","一位家长在公共场合无意中将一个小女孩误认为一块三明治，他马上意识到错误并感到非常抱歉。
问题:
在此情况下，对于家长来说，什么是最有效的举措？","轻松幽默化解尴尬","严肃批评错误行为","安慰孩子并道歉","忽视并转移话题","C","Personal Scenarios","Emotional Support"
"453","小王最近总是无缘无故地感到一阵隐隐的疼痛，不知是否需要注意自己的健康状况。
问题:
在此情况下，对于小王来说，什么是最有效的举措？","询问生活作息","提供就医建议","进行心理疏导","分享舒缓方法","B","Personal Scenarios","Health and Wellness"
"287","张伟最近似乎总是沉浸在回忆中，每当谈及近况，他总是说有一种说不清的感慨。他希望有人能够陪他度过这段时间。
问题:
在此情况下，对于张伟来说，什么是最有效的举措？","探讨人生哲学","分享个人故事","进行心理疏导","给予肯定和鼓励","D","Personal Scenarios","Emotional Support"
"436","今天我在工作中遇到了一些不愉快的事情，感觉糟透了，整个下午都情绪低落。
问题:
在此情况下，对于我来说，什么是最有效的举措？","详细询问事情经过","给予肯定和鼓励","一起进行放松活动","提供解决问题的建议","C","Personal Scenarios","Emotional Support"
"451","最近，小明在团队会议中强烈要求大家尊重他的权威，但似乎他的同事们并不买账。
问题:
在此情况下，对于小明来说，什么是最有效的举措？","指导他如何赢得尊重","与他讨论权威的本质","帮助他理解同事的反馈","建议他采取更为亲和的方式","C","Personal Scenarios","Emotional Support"
"509","最近在一个社区活动中，王明勇敢地帮助了一位老人，被大家称赞为‘英雄’。但他自己似乎并不习惯这样的关注，显得有些沉默。
问题:
在此情况下，对于王明来说，什么是最有效的举措？","邀请他参加派对","教他如何应对公众关注","询问他的真实感受","赞扬他的英勇行为","C","Personal Scenarios","Emotional Support"
"644","小王看到一部电影里的台词，觉得那句话简直完美无瑕，他反复品味，似乎想从中得到一些启发。
问题:
在此情况下，对于小王来说，什么是最有效的举措？","探讨台词背后的意义","分享其他经典台词","一起分析电影剧情","推荐相似电影","A","Personal Scenarios","Self-Development"
"658","最近，李明总是若有所思，他提出了一个奇怪的点子，说餐叉和餐勺组合在一起可以称为“叉勺”。
问题:
在此情况下，对于李明来说，什么是最有效的举措？","探究创意来源","进行幽默调侃","认真讨论可能性","建议寻求专业意见","A","Personal Scenarios","Emotional Support"
"242","我发现你和斩月在一起时看起来很和谐，这让我对你有了一些好感。
问题:
在此情况下，对于我来说，什么是最有效的举措？","询问兴趣爱好","讨论日常生活","表达欣赏之情","推荐共同活动","C","Personal Scenarios","Emotional Support"
"456","有时候我会觉得这个世界充满了深深的困扰，仿佛有一种病理性的混乱。我不知道你是否也有同感。
问题:
在此情况下，对于主角来说，什么是最有效的举措？","探讨社会问题","分享乐观观点","一起进行放松活动","分析心理状况","B","Personal Scenarios","Emotional Support"
"687","除了球衣，其他光学产品感觉就像是事后才考虑的。希望他们能更加重视这一块。
问题:
在此情况下，对于消费者来说，什么是最有效的举措？","提出改进意见","进行市场调研","提供心理支持","推荐其他品牌","A","Personal Scenarios","Self-Development"
"533","当看到猪肉降价时，我总会买上几块，有时觉得自己很聪明，会把它们切成两半，用腌料腌制后，再放进冰箱的冷冻室里。
问题:
在此情况下，对于我来说，什么是最有效的举措？","询问他的烹饪技巧","讨论食物保存方法","分享健康饮食观念","建议尝试新的食谱","B","Personal Scenarios","Health and Wellness"
"423","最近，张伟参与了一个新的项目，他总是觉得有些地方不太对劲，似乎潜藏着风险。但他又说不清具体的问题在哪里，这让他感到很不安。
问题:
在此情况下，对于张伟来说，什么是最有效的举措？","开展风险教育","进行风险评估","倾听他的担忧","帮助他制定应对策略","C","Personal Scenarios","Emotional Support"
"35","小王最近决心改变自己，他希望能练习一些新习惯，并调整自己内心的对话。他开始尝试记录自己的想法，并寻找改进的方式。
问题:
在此情况下，对于小王来说，什么是最有效的举措？","帮助制定计划","提供心理辅导","鼓励自我肯定","分享成功经验","A","Personal Scenarios","Self-Development"
"302","在观看《豪斯医生》这部电视剧时，对豪斯这个角色的个性产生了好奇，想了解他的人物类型。他在剧中以其独特的诊断方式和对病例的专注而著称。
问题:
在此情况下，对于豪斯来说，什么是最有效的举措？","探讨角色性格","讨论剧情发展","分享医疗知识","评价演员表现","A","Personal Scenarios","Self-Development"
"638","最近，他在生活的路上感到迷茫，仿佛在一条不知通往何方的路上行驶，他需要的是一位能够理解他处境的伙伴。
问题:
在此情况下，对于他来说，什么是最有效的举措？","讨论人生哲学","分享旅行故事","进行心理疏导","一起听摇滚乐","C","Personal Scenarios","Emotional Support"
"111","最近，有一种说不清的感觉在内心悄然萌发，不确定这股小火花将何去何从，或是是否会变成熊熊火焰。
问题:
在此情况下，对于主角来说，什么是最有效的举措？","探讨未来规划","分享感情经历","倾听内心疑惑","提供决策建议","C","Personal Scenarios","Emotional Support"
"132","在一次团队讨论中，王华突然情绪激动地对同事说：“那正是我刚刚在想的事情！！！”他看起来似乎找到了知音，十分兴奋。
问题:
在此情况下，对于王华来说，什么是最有效的举措？","询问他的想法","表达共鸣","引导讨论","给予专业建议","B","Personal Scenarios","Emotional Support"
"679","小李最近心事重重，因为一些他有意或无意中犯下的错误而感到深深自责，不管是已知还是未知的错误都让他难以释怀。
问题:
在此情况下，对于小李来说，什么是最有效的举措？","进行责任分析","给予心理疏导","探讨道德哲学","分享错误处理经验","B","Personal Scenarios","Emotional Support"
"247","大约两年前，我做了类似的事情，在获得67个赞同票后，我的账号被禁止了。
问题:
在此情况下，对于我来说，什么是最有效的举措？","分析违规原因","讨论社交媒体政策","倾听账号被禁的感受","提供恢复账号的建议","C","Personal Scenarios","Emotional Support"
"663","小明最近在一次面试中表现不佳，他认为自己可能会因为竞争对手更出色而失去机会。他开玩笑说，只希望有比他更不合适的人出现。
问题:
在此情况下，对于小明来说，什么是最有效的举措？","提供职业规划建议","分享面试技巧","进行前景分析","轻松幽默的鼓励","D","Personal Scenarios","Emotional Support"
"434","议会无法让硬脱欧计划通过，支持这一决策的议员寥寥无几，这使得一直关注此事的李先生感到非常焦虑。
问题:
在此情况下，对于李先生来说，什么是最有效的举措？","讨论政治局势","分析经济影响","倾听他的担忧","提供法律解读","C","Personal Scenarios","Emotional Support"
"124","小王在参加一个社交技巧培训班，他被告知只要遵循规则1和规则2，即使的开场白平淡无奇，他也能应付自如。
问题:
在此情况下，对于小王来说，什么是最有效的举措？","鼓励尝试新方法","分享社交技巧","进行角色扮演练习","一起分析规则","B","Personal Scenarios","Self-Development"
"589","小明觉得这个星球上没有什么是美丽的，他认为大自然残酷无情，充满了苦难和痛苦。
问题:
在此情况下，对于小明来说，什么是最有效的举措？","探讨自然之美","分享逆境中的成长经历","倾听他的感受","引导发现生活中的美好","C","Personal Scenarios","Emotional Support"
"273","斯特拉发现自己在等待某些事情的时候，变得有些不安分，总是希望时间能过得快一些。
问题:
在此情况下，对于斯特拉来说，什么是最有效的举措？","引导进行深呼吸练习","讨论时间管理的方法","提供耐心培养的建议","分享有趣的短视频分散注意力","C","Personal Scenarios","Emotional Support"
"156","张伟最近对自己的目标非常明确，他每天都很努力地为之奋斗，希望能够实现自己的梦想。
问题:
在此情况下，对于张伟来说，什么是最有效的举措？","探讨职业规划","鼓励坚持到底","分享成功经验","提醒适当放松","B","Personal Scenarios","Self-Development"
"180","小王昨晚一回到家就开始看《尴尬》第三季，一直看到深夜才休息，他似乎对这个节目有很深的喜爱。
问题:
在此情况下，对于小王来说，什么是最有效的举措？","讨论剧情发展","推荐其他剧集","询问观后感","建议合理安排时间","C","Personal Scenarios","Emotional Support"
"128","在一次讨论中，张伟坚信自己的观点是正确的，但别人指出他错了。张伟坚持己见，表示自己在发表评论前已经仔细查阅过资料。
问题:
在此情况下，对于张伟来说，什么是最有效的举措？","探讨事实真相","指出逻辑错误","肯定他的努力","建议重新审视观点","C","Personal Scenarios","Emotional Support"
"357","在一位优秀心理咨询师的引导下，当你逐渐敞开心扉，讨论起自己的感受和习惯后，你发现谈到了很多你需要表达的事情。
问题:
在此情况下，对于你来说，什么是最有效的举措？","进行心理分析","探讨个人兴趣","引导情感表达","制定行为计划","C","Personal Scenarios","Emotional Support"
"352","你对宝宝说，迫不及待地想要知道2019年剩余的时间里会有哪些精彩奇迹发生。
问题:
在此情况下，对于你来说，什么是最有效的举措？","分享未来计划","讨论过去的美好时光","鼓励保持乐观","一起制定目标","C","Personal Scenarios","Emotional Support"
"207","小明最近似乎有些孤独，他在一次社交活动中对朋友的问候表现出了特别的热情和兴奋。
问题:
在此情况下，对于小明来说，什么是最有效的举措？","一起参加活动","询问他的近况","给予肯定和鼓励","邀请他参加派对","B","Personal Scenarios","Emotional Support"
"580","最近，他的肚子看起来和父亲的啤酒肚越来越像，硬朗而圆润，走起路来也像父亲一样摇摇摆摆，尽管外表看起来整洁，但他感觉浑身不舒服，仿佛背着一部沃尔沃汽车。
问题:
在此情况下，对于他来说，什么是最有效的举措？","探讨运动方案","讨论饮食习惯","倾听身材焦虑","一起进行体检","C","Personal Scenarios","Health and Wellness"
"285","看着比自己小两岁的弟弟结婚，自己是家里唯一还没有成家的成年人，最近总是独自观看他们的幸福照片。
问题:
在此情况下，对于主角来说，什么是最有效的举措？","一起参加家庭聚会","分享独立生活的精彩","倾听内心的孤单","讨论婚恋观念","C","Personal Scenarios","Emotional Support"
"529","最近游戏中的同步问题让玩家感到体验不佳，他提到这让他感到有些困扰。
问题:
在此情况下，对于玩家来说，什么是最有效的举措？","探讨游戏更新","分享游戏技巧","倾听不满情绪","提供替代游戏建议","C","Personal Scenarios","Emotional Support"
"690","儿子还小，不记得他的哥哥了，而我和丈夫觉得这是一种幸运。当我们谈论起这个事情时，我能感觉到丈夫的语气中带着一些不同寻常的东西。
问题:
在此情况下，对于丈夫来说，什么是最有效的举措？","探讨家庭未来的规划","倾听丈夫的回忆","讨论孩子的成长教育","分享类似的经历","B","Personal Scenarios","Emotional Support"
"146","最近，李明对于个人隐私安全问题非常在意，他甚至用胶带封住了笔记本电脑的摄像头，以防被非法侵入。
问题:
在此情况下，对于李明来说，什么是最有效的举措？","讨论网络安全知识","分享隐私保护技巧","进行心理疏导","提供法律咨询","B","Personal Scenarios","Health and Wellness"
"240","她发现自己可能因为口臭而被他拒绝了，这让她感到有些不安和自卑。
问题:
在此情况下，对于她来说，什么是最有效的举措？","提供专业口腔卫生建议","一起练习自信沟通技巧","进行日常闲聊以转移注意力","讨论提升个人魅力方法","A","Personal Scenarios","Emotional Support"
"488","有人质疑我是否将一个有争议的团体描述得过于积极。我认为两者都不好，但至少有一种方法可以通过治疗来应对情绪问题。
问题:
在此情况下，对于我来说，什么是最有效的举措？","探讨争议团体的优点和缺点","讨论情感治疗的可行性和方法","分析个人的判断和决策过程","评估不同观点的合理性和偏见","B","Personal Scenarios","Emotional Support"
"496","一位销售人员在进行产品推广时，突然意识到用自己的方式去告诉客户他们不够好，需要变得更好来推销产品可能并不是一个好策略。他感到有些困惑，并对自己的销售方式产生了怀疑。
问题:
在此情况下，对于销售人员来说，什么是最有效的举措？","提供积极的销售策略培训","进行客户满意度调查","开展成功销售案例分享","建议反思销售方法和客户需求","D","Personal Scenarios","Self-Development"
"615","最近，我发现自己在担心一些可能会破坏我那宛如童话般爱情的事情，甚至有时候会感到有些偏执。
问题:
在此情况下，对于我来说，什么是最有效的举措？","进行心理疏导","分享恋爱经验","倾听担忧","一起规划未来","C","Personal Scenarios","Emotional Support"
"197","小王最近参加了一个社交俱乐部，他说他感到不再那么孤单了。
问题:
在此情况下，对于小王来说，什么是最有效的举措？","鼓励他拓展社交圈","询问他的兴趣爱好","提供独处时间","一起安排外出活动","A","Personal Scenarios","Emotional Support"
"371","最近，李明在社交场合中总有一种难以言说的尴尬感受，似乎别人的目光让他很不自在，他希望能找到方法来缓解这种感觉。
问题:
在此情况下，对于李明来说，什么是最有效的举措？","探讨社交技巧","分享个人经验","进行心理分析","安排轻松活动","C","Personal Scenarios","Emotional Support"
"562","小张对未来充满了乐观，他说自己对未来有了更多的期待和计划。
问题:
在此情况下，对于小张来说，什么是最有效的举措？","鼓励他制定具体目标","询问他对未来的规划","分享成功人士的经验","建议他保持谨慎态度","B","Personal Scenarios","Self-Development"
"410","张伟最近对情感的看法有了新的认识，他觉得情感本身并没有好坏之分，但他在向朋友表达这个观点时，发现并不是所有人都能理解。
问题:
在此情况下，对于张伟来说，什么是最有效的举措？","探讨情感的本质","分享生活经历","倾听他的想法","建议他写篇博客","C","Personal Scenarios","Emotional Support"
"182","某人现在不得不在他的公寓楼后院，冒着严寒在雪地里蹲着，手里还拿着一个小烟斗。
问题:
在此情况下，对于某人来说，什么是最有效的举措？","提供取暖建议","询问生活近况","分享趣事转移注意力","一起探讨解决方法","B","Personal Scenarios","Emotional Support"
"370","有人经常说“如果我被欺骗了，我为什么要关心呢？”，他开始怀疑别人是否真诚。
问题:
在此情况下，对于他来说，什么是最有效的举措？","探究他的疑虑","分享人际交往经验","进行心理开导","建议信任他人","C","Personal Scenarios","Emotional Support"
"8","一位美容院老板很对自己的顾客在离开工作室时看起来容光焕发感到很满意，并推出了新的产品线，希望每个人都能感觉更美丽和自信。
问题:
在此情况下，对于美容院老板来说，什么是最有效的举措？","对产品进行咨询","提供美学理论","分享成功案例","讨论创业经验","A","Personal Scenarios","Self-Development"
"677","有人邀请我参加一个重要的活动，我觉得很荣幸。但这也让我感到有些紧张，因为我很少参加这样的场合。
问题:
在此情况下，对于我来说，什么是最有效的举措？","提供社交技巧建议","分享参加活动的经验","进行放松训练","讨论活动的准备过程","C","Personal Scenarios","Emotional Support"
"79","张伟最近发现自己对生活中的许多事情都感到不满足，他决定要改变这种状态，希望能找到方法让自己变得更加感恩。
问题:
在此情况下，对于张伟来说，什么是最有效的举措？","引导其进行自我反思","分享提升幸福感的技巧","倾听并鼓励其表达感受","与其讨论生活的美好","A","Personal Scenarios","Emotional Support"
"543","谢谢你的记得。之后我又在我的帖子中添加了一些内容。
问题:
在此情况下，对于发帖者来说，什么是最有效的举措？","询问添加的内容","表达对帖子的兴趣","提供反馈意见","讨论相关话题","B","Personal Scenarios","Emotional Support"
"671","他明明知道你的意思，却假装困惑来挽回面子。你感到这种行为有些让人反感...
问题:
在此情况下，对于你来说，什么是最有效的举措？","分析他的动机","表达你的不满","进行心理疏导","讨论人际交往原则","B","Personal Scenarios","Emotional Support"
"173","接下来的几个月，李明决定从情感上疏远一些，似乎这样能让分手带来的打击小一些。
问题:
在此情况下，对于李明来说，什么是最有效的举措？","探讨情感分离的感受","分享减轻分手痛苦的方法","一起规划新的生活计划","倾听他的分手经历","B","Personal Scenarios","Emotional Support"
"547","小王觉得自己最近疏忽了身边的人和事，他开始担心这种状态是否会影响他与朋友的关系。
问题:
在此情况下，对于小王来说，什么是最有效的举措？","一起进行社交活动","帮助规划时间安排","倾听他的担忧","提供社交技巧指导","C","Personal Scenarios","Emotional Support"
"464","张伟最近参加了一个瑜伽班，每次上完课后他都觉得身体和精神都得到了放松，仿佛感受到了一种难以言喻的状态。
问题:
在此情况下，对于张伟来说，什么是最有效的举措？","询问瑜伽感受","推荐其他运动","分享生活哲学","讨论工作压力","A","Personal Scenarios","Emotional Support"
"276","小李以为某个重要的活动已经结束了，他感到非常遗憾，因为他一直很期待参加。
问题:
在此情况下，对于小李来说，什么是最有效的举措？","告知正确的活动时间","讨论其他的娱乐活动","安慰他的失落情绪","一起查看未来的活动安排","C","Personal Scenarios","Emotional Support"
"527","小王在得到同事帮忙解决了一个工作难题后，忍不住发出了“太感谢你了！”的感慨。
问题:
在此情况下，对于小王来说，什么是最有效的举措？","表达感激之情","询问下一步计划","共同庆祝成功","提供帮助回谢","A","Personal Scenarios","Emotional Support"
"619","有人误以为我会喜欢听像比吉斯这样粗俗的音乐，这让我感到很受冒犯，有一种被误解的愤怒感。
问题:
在此情况下，对于我来说，什么是最有效的举措？","探讨音乐品味","表达同情和理解","进行音乐推荐","忽略感受，转移话题","B","Personal Scenarios","Emotional Support"
"337","小王最近每个周末都会买一大盒巧克力，享受一个人的甜蜜时光，但他又担心这样的习惯会影响他的健康。
问题:
在此情况下，对于小王来说，什么是最有效的举措？","一起研究健康饮食","分享巧克力制作方法","讨论周末活动的替代选择","倾听他关于巧克力的看法","A","Personal Scenarios","Health and Wellness"
"175","尽管一开始表示自己的皮肤是混合油性，但小李每周仍会使用一次某种护肤品，因为使用后的第二天早上，她觉得皮肤状态非常好。
问题:
在此情况下，对于小李来说，什么是最有效的举措？","询问产品使用效果","分享个人护肤心得","推荐其他护肤产品","建议减少使用频率","B","Personal Scenarios","Health and Wellness"
"145","我把马丁送回了家，因为我是当晚的指定司机。当我开车回到家，由于当时心情格外开朗，我还向楼下的邻居挥手和聊天。
问题:
在此情况下，对于我来说，什么是最有效的举措？","询问邻里近况","分享快乐经历","提供交通服务","讨论社区活动","B","Personal Scenarios","Emotional Support"
"390","因为球迷的一些不友好行为，他们多年来一直对老鹰队持有负面情绪。
问题:
在此情况下，对于他们来说，什么是最有效的举措？","讨论球迷文化","分享个人观赛经历","倾听他们的不满","建议他们尝试新事物","C","Personal Scenarios","Emotional Support"
"672","最近，小王在考虑是否应该开始一段恋情，但他内心有些犹豫，因为他觉得自己需要先确认自己是否有足够的独立性，才能更好地支持对方和接受对方的支持。
问题:
在此情况下，对于小王来说，什么是最有效的举措？","探讨自我独立的必要性","分享建立自信的方法","倾听他的疑虑和困惑","提供感情发展的建议","A","Personal Scenarios","Self-Development"
"297","小王在面对一段不确定的感情犹豫不决，不知道是应该放手一搏，还是继续等待。他最近总是心神不宁，似乎需要有人帮他梳理一下思绪。
问题:
在此情况下，对于小王来说，什么是最有效的举措？","分析利弊得失","鼓励其随心而行","倾听内心的挣扎","提供相关书籍阅读","C","Personal Scenarios","Emotional Support"
"633","小明最近总感到焦虑，他幻想中的世界正经历一场大战，乌鸦、公鸡与马结盟，共同对抗试图占领酷冷牧场的公牛、鲨鱼和其他怪兽。
问题:
在此情况下，对于小明来说，什么是最有效的举措？","询问他的幻想世界细节","建议进行户外放松活动","一起绘画他的幻想世界","探讨现实中的压力来源","D","Personal Scenarios","Emotional Support"
"195","听说阿尔伯塔省的生活后，他表达了对那里生活的向往，并考虑搬到那里居住，但同时对改变环境感到有些迷茫。
问题:
在此情况下，对于他来说，什么是最有效的举措？","讨论阿尔伯塔省的生活成本","分享搬家经历","分析改变居住环境的利弊","提供职业规划建议","C","Personal Scenarios","Emotional Support"
"99","最近球迷们对小明的表现不太满意，他每次投篮都会引来阵阵叹息。有球迷甚至表示，希望他早点被交易。
问题:
在此情况下，对于球迷来说，什么是最有效的举措？","讨论篮球战术","分享球迷的愤怒","倾听对比赛的看法","分析球员交易的可能性","C","Personal Scenarios","Emotional Support"
"584","小明最近找到了一个新的理由不出门，他说这次是因为有了一个很好的新借口，所以他决心待在家里。
问题:
在此情况下，对于小明来说，什么是最有效的举措？","鼓励他参加户外活动","询问他的日常计划","提议一起看家庭电影","讨论在家工作的好处","A","Personal Scenarios","Emotional Support"
"220","最近，你一直在为提高团队的工作效率而苦恼，你发现大家似乎没有明确的工作方向，你需要找到一种方法来改善这一状况。
问题:
在此情况下，对于你来说，什么是最有效的举措？","进行团队建设活动","开展一对一交流","组织策略规划会议","提供专业知识培训","C","Personal Scenarios","Self-Development"
"537","他看起来心事重重，提到他的朋友因为一些法律问题需要支付罚款，他表示希望朋友的妻子能理解和支持他。
问题:
在此情况下，对于他来说，什么是最有效的举措？","询问法律细节","提供心理咨询","分享类似经历","表达同情并倾听","D","Personal Scenarios","Emotional Support"
"51","最近几周生活变化之快让人有些意外，那一刻，我感到有点不知所措。
问题:
在此情况下，对于我来说，什么是最有效的举措？","一起回顾过去的变化","分享时间管理的技巧","提供心理缓解的方法","讨论适应变化的策略","C","Personal Scenarios","Emotional Support"
"627","当你认为事情已经糟糕透顶的时候，却发现还有更多的困难接踵而至。
问题:
在此情况下，对于你来说，什么是最有效的举措？","探讨解决方案","进行心理疏导","分享逆境经历","鼓励积极面对","D","Personal Scenarios","Emotional Support"
"413","为了遵循教堂的现行风格指南，我尽量避免使用“[宗教]”这个词汇，尽管这让我在与他人交流时感到有些不便。
问题:
在此情况下，对于我来说，什么是最有效的举措？","探讨信仰自由","讨论语言表达","倾听内心困惑","提供交流技巧","C","Personal Scenarios","Emotional Support"
"427","小张最近为了提高工作效率，尝试使用更高效的邮件管理方法，但经常被手机的自动纠错功能困扰。
问题:
在此情况下，对于小张来说，什么是最有效的举措？","教授邮件管理技巧","讨论手机使用习惯","一起吐槽自动纠错功能","提供心理舒缓建议","A","Personal Scenarios","Self-Development"
"219","小张在社交媒体上看到一条关于种植当地野花的信息，他对此产生了浓厚的兴趣。他发现种植野花可以让生态环境变得更好，对此感到非常激动，并希望能够实施这个计划。
问题:
在此情况下，对于小张来说，什么是最有效的举措？","讨论野花的种类和种植方法","一起参加社区绿化活动","分享生态环境改善的小技巧","提供园艺工具和植物种子","A","Personal Scenarios","Health and Wellness"
"251","家里迎来了新生儿，大明感到父母对他的关注减少了许多。最近，他常常提起作为家中的老大，需要承担更多责任。
问题:
在此情况下，对于大明来说，什么是最有效的举措？","讲述自己作为老大的成长故事","一起探讨如何适应家庭新变化","教他如何获得父母的关注","安排一次家庭聚会增进感情","B","Personal Scenarios","Emotional Support"
"379","今天早晨，李明感到心情格外轻松愉快，他哼着小曲，似乎想要与人分享这份好心情。
问题:
在此情况下，对于李明来说，什么是最有效的举措？","询问日常生活","分享有趣新闻","进行轻松游戏","讨论工作安排","C","Personal Scenarios","Emotional Support"
"92","在一次团队项目中，张伟认为自己在任务分配上没有受到公平对待，他负责的部分难度较大，而他认为自己的能力并不足以很好地完成这个部分。
问题:
在此情况下，对于张伟来说，什么是最有效的举措？","指导任务执行","讨论团队合作","倾听他的困惑","评估任务难度","C","Personal Scenarios","Self-Development"
"213","张伟向朋友倾诉了自己的困惑，朋友帮他分析并准确表达了他的感受，张伟觉得终于有人能理解他了。
问题:
在此情况下，对于张伟来说，什么是最有效的举措？","表达感激之情","继续深入探讨","给予鼓励支持","提供解决方案","C","Personal Scenarios","Emotional Support"
"279","她最近状态不佳，工作和生活都受到了影响，有人建议她寻求专业的帮助。
问题:
在此情况下，对于她来说，什么是最有效的举措？","推荐专业心理咨询师","一起进行户外活动","开展家庭聚会","共同学习放松技巧","A","Personal Scenarios","Health and Wellness"
"5","一位年轻人决定沿着尘土飞扬、油漆斑驳的乡间小路骑行，去追寻历史留下的痕迹。他似乎在寻找一种独特的体验。
问题:
在此情况下，对于年轻人来说，什么是最有效的举措？","分享旅行见闻","提供历史背景资料","一起规划旅行路线","鼓励他记录旅程","D","Personal Scenarios","Self-Development"
"442","我对布莱恩长时间坚持自己的外星遭遇感到有些不耐烦，但除了受害者本人，没有人能真正理解被骚扰带来的后果。
问题:
在此情况下，对于布莱恩来说，什么是最有效的举措？","探讨外星生命的可能性","表达同情和理解","建议寻求专业帮助","批评他的固执己见","B","Personal Scenarios","Emotional Support"
"476","张伟最近参加了一个与他以往宗教信仰完全不同的团体，他感觉这种新的信仰方式非常独特，与传统的传教方式大相径庭，这让他感到既好奇又有些困惑。
问题:
在此情况下，对于张伟来说，什么是最有效的举措？","探讨宗教差异","分享个人信仰经历","倾听他的疑问","提供资料学习","C","Personal Scenarios","Emotional Support"
"621","在一次精彩的表演结束后，小王说他从头到尾都在热烈鼓掌，感觉非常投入。他说这话时似乎在寻找共鸣。
问题:
在此情况下，对于小王来说，什么是最有效的举措？","询问表演的细节","表达共鸣和理解","讨论其他类似活动","推荐其他娱乐方式","B","Personal Scenarios","Emotional Support"
"313","小王突然想起今天晚上有一场他一直很期待的电影首播，他表示自己肯定会看。
问题:
在此情况下，对于小王来说，什么是最有效的举措？","询问对电影的看法","提供电影相关资讯","一起观看并讨论","建议记录观影感受","C","Personal Scenarios","Emotional Support"
"670","最近，有人向朋友提出了一个让他感到不舒服的建议，这让他对人与人之间的尊重产生了困惑。
问题:
在此情况下，对于朋友来说，什么是最有效的举措？","讨论人际交往的界限","分享关于尊重他人观点的故事","倾听他的感受","提供法律咨询","C","Personal Scenarios","Emotional Support"
"291","最近，有人对一直在关注的事情感到困惑，不确定为什么付出了这么多注意却还是无法理解。
问题:
在此情况下，对于关注者来说，什么是最有效的举措？","解释复杂概念","鼓励自主探索","提供信息资源","进行心理疏导","D","Personal Scenarios","Emotional Support"
"71","小明在社交媒体上分享了自己喜欢的歌手乔治，但没想到很快就被大家找到了他的收藏，他感到非常惊讶，不知如何是好。
问题:
在此情况下，对于小明来说，什么是最有效的举措？","讨论网络安全","提供心理开导","分享相同的兴趣","建议更改隐私设置","D","Personal Scenarios","Emotional Support"
"561","小张最近完成了一个法律相关的项目，他认为自己的工作既合法又酷炫，但似乎身边的人不太理解他的成就感。
问题:
在此情况下，对于小张来说，什么是最有效的举措？","探讨法律知识","评价项目成果","分享成功经验","鼓励他表达自我","D","Personal Scenarios","Self-Development"
"374","写下这些文字时，我不禁咯咯地笑出声来，同时又不由自主地摇头感到一种谦卑的羞愧，但同时似乎又有一种难以言说的成就感。
问题:
在此情况下，对于主角来说，什么是最有效的举措？","分享写作经验","讨论自我认知","倾听其矛盾感受","鼓励其表达情感","C","Personal Scenarios","Emotional Support"
