"1","李明最近工作状态非常好，经常能高效地完成手头的项目和提出许多有创意的想法。
问题:
在此情况下，对于李明来说，什么是最有效的举措？","询问李明的工作经验","鼓励李明保持状态","与李明讨论未来规划","建议李明适当休息","B","Social Scenarios","Academic & Professional"
"601","你笑着对我说：“我不行，我不会的。”
问题:
在此情况下，对于你来说，什么是最有效的举措？","询问你的顾虑","鼓励你尝试新事物","告诉你不必担心","与你分享相似经历","B","Social Scenarios","Interpersonal Communication"
"290","篮球运动员霍利德在比赛中的表现让一位观众感到不满，希望他早日被交易。
问题:
在此情况下，对于观众来说，什么是最有效的举措？","一起观看其他比赛","讨论霍利德的比赛失误","安慰观众不要过于生气","建议观众写信给球队","C","Social Scenarios","Interpersonal Communication"
"365","最近，艾米经历了一系列不幸的事件，她自嘲是‘目前最糟糕的’，但随后有20件好事接踵而至。
问题:
在此情况下，对于艾米来说，什么是最有效的举措？","询问她的感受","分享自己的类似经历","鼓励她保持乐观","帮助她分析好事发生的原因","C","Social Scenarios","Interpersonal Communication"
"179","小明在新的工作环境中尝试了多种方法，但仍然感觉自己无法融入集体。
问题:
在此情况下，对于小明来说，什么是最有效的举措？","询问小明的尝试方法","提供社交技巧培训","安排与同事的一对一交流","建议小明参加团队建设活动","C","Social Scenarios","Interpersonal Communication"
"61","面对这个决定，我感到很难下决心。
问题:
在此情况下，对于我来说，什么是最有效的举措？","帮我分析利弊","给我一些时间考虑","鼓励我跟随直觉","与我分享相似经历","A","Social Scenarios","Interpersonal Communication"
"351","他觉得对方的想法太过于疯狂，无法接受。
问题:
在此情况下，对于他来说，什么是最有效的举措？","尝试理解对方的观点","表达自己的看法","避免进一步争论","寻求第三方意见","A","Social Scenarios","Interpersonal Communication"
"60","即便这是真的，他们篡改数据又能从中得到什么实际的好处呢？
问题:
在此情况下，对于主角来说，什么是最有效的举措？","分析篡改数据的原因","讨论数据真实性的重要性","提出加强数据审核的建议","推测篡改数据者的动机","B","Social Scenarios","Academic & Professional"
"85","我发现自己最近把大部分热情都投入到了关注美国周刊和罗斯安妮马拉松上，而完全忽略了自己的博客。
问题:
在此情况下，对于我来说，什么是最有效的举措？","分析个人兴趣爱好","制定时间管理计划","开展自我反思讨论","寻求博客更新灵感","B","Social Scenarios","Sociocultural Dynamics"
"274","我观察到唐纳德似乎能够通过密集而专注的探索，克服其中的不足来自学。
问题:
在此情况下，对于唐纳德来说，什么是最有效的举措？","提出协作学习","建议制定学习计划","提供学习资源","鼓励独立探索","D","Social Scenarios","Academic & Professional"
"385","在与同事讨论项目方案时，她坚持己见并最终被证明是对的。
问题:
在此情况下，对于她来说，什么是最有效的举措？","询问她的感受","赞扬她的坚持","讨论后续改进方案","表达自己的观点","B","Social Scenarios","Interpersonal Communication"
"544","在一次超过100个小时的骑马体验后，我意识到不跳下来也能从马上下来，这让我对之前的骑马方式产生了怀疑。
问题:
在此情况下，对于我来说，什么是最有效的举措？","询问他人的骑马经验","分享自己的新发现","推荐参加骑马培训班","讨论骑马的安全措施","B","Social Scenarios","Interpersonal Communication"
"114","我发现每当他从睡梦中将我唤醒，我总是不禁回击，感受到一种因自己的首要情感的舍弃而产生的痛楚和刺痛。
问题:
在此情况下，对于我来说，什么是最有效的举措？","寻求心理咨询服务","深入交流彼此的感受","尝试改变睡眠习惯","共同参加关系辅导","B","Social Scenarios","Interpersonal Communication"
"392","一看到这款游戏的标题，我的脑海中就响起了它的音乐。
问题:
在此情况下，对于我来说，什么是最有效的举措？","询问游戏音乐创作背后的故事","分享自己玩这款游戏的经验","讨论其他游戏的音乐","推荐相似风格的音乐","B","Social Scenarios","Interpersonal Communication"
"373","那需要涉及到阅读，但红帽们并不擅长这一点。
问题:
在此情况下，对于红帽们来说，什么是最有效的举措？","提供阅读辅助工具","组织讨论小组","进行阅读技巧培训","推荐图画书代替","C","Social Scenarios","Academic & Professional"
"156","张伟在研究用户需求时发现，用户的需求集合是有限且离散的。
问题:
在此情况下，对于张伟来说，什么是最有效的举措？","帮助张伟梳理需求","讨论需求集合的性质","建议进行市场调研","提供数据分析工具","B","Social Scenarios","Academic & Professional"
"26","有人认为将某些媒体称为人民的公敌和假新闻，在正常的世界里这难道不是一种不可接受的言论吗？
问题:
在此情况下，对于某人来说，什么是最有效的举措？","探讨言论自由边界","分析媒体角色","讨论新闻的真实性","评估社会反应","A","Social Scenarios","Sociocultural Dynamics"
"634","一个人在社交媒体上分享了自己用慢炖锅、冻鸡、蔬菜和牛奶制作美味佳肴的经历。
问题:
在此情况下，对于这个人来说，什么是最有效的举措？","询问详细食谱","表达对健康饮食的兴趣","分享个人的烹饪经验","讨论节省时间的生活小窍门","C","Social Scenarios","Interpersonal Communication"
"27","当生活一切顺利时，有些人会因一些小事情而感到特别烦躁。
问题:
在此情况下，对于有些人来说，什么是最有效的举措？","探讨生活满意度","提供压力管理建议","进行放松训练","分析日常作息","B","Social Scenarios","Interpersonal Communication"
"628","面对某种要求，我必须选择顺从并因此为某人承受痛苦，或者没有其他选择可供我考虑。
问题:
在此情况下，对于我来说，什么是最有效的举措？","寻求外部帮助","尝试平等对话","设置个人界限","进行心理咨询","C","Social Scenarios","Interpersonal Communication"
"170","艾米在宠物医院发现兽医在为宠物寻找新家庭，她感到非常惊讶。
问题:
在此情况下，对于艾米来说，什么是最有效的举措？","询问兽医领养流程","讨论宠物领养的意义","分享其他领养案例","表达对兽医的敬佩","B","Social Scenarios","Sociocultural Dynamics"
"218","一位读者对某报纸的报道内容感到非常不满。
问题:
在此情况下，对于读者来说，什么是最有效的举措？","探讨媒体的责任","提供其他新闻来源","倾听读者的抱怨","建议读者写信给编辑","C","Social Scenarios","Sociocultural Dynamics"
"664","站在曼苏尔的作品前，我明显感觉到作品的艺术意图并非在于提出结构语言学以及后续解构主义的高声议论。
问题:
在此情况下，对于我来说，什么是最有效的举措？","分析作品的象征意义","讨论艺术家的创作背景","评价解构主义的价值","探索新的艺术表达方式","B","Social Scenarios","Sociocultural Dynamics"
"3","有人威胁说要把他的姐妹们开车带进海洋，这种行为是违法的，可能导致他失去对姐妹们的探视权。
问题:
在此情况下，对于他来说，什么是最有效的举措？","提供法律咨询","进行心理疏导","建议寻求社会帮助","报告给相关机构","C","Social Scenarios","Interpersonal Communication"
"689","由于最近一次不愉快的体验，我决定将来尽量避免使用斯达利品牌的产品。
问题:
在此情况下，对于我来说，什么是最有效的举措？","了解产品信息","寻求替代品牌","讨论消费观念","提供客户服务反馈","B","Social Scenarios","Sociocultural Dynamics"
"605","因为一场争执，我们彼此都很生气，而你可能想公开此事，让大家都知道我们的冲突。
问题:
在此情况下，对于我来说，什么是最有效的举措？","尝试私下和解","请求第三方调解","公开讨论争执","暂时保持距离","A","Social Scenarios","Interpersonal Communication"
"109","有人对杰克说，他应该感到幸运，这让他感到有些困惑。
问题:
在此情况下，对于杰克来说，什么是最有效的举措？","解释对方的话中含义","询问杰克对此的感受","转移话题避免尴尬","告诉杰克不必在意","B","Social Scenarios","Interpersonal Communication"
"526","我给妈妈发送了一个视频，没想到她真的观看了。
问题:
在此情况下，对于我来说，什么是最有效的举措？","询问妈妈的看法","分享视频背后的故事","一起观看其他视频","感谢妈妈的关注","A","Social Scenarios","Interpersonal Communication"
"159","小明发现大部分游戏粉丝已经对某些任天堂的决策有了极大的不满。
问题:
在此情况下，对于小明来说，什么是最有效的举措？","分析粉丝不满的原因","讨论任天堂的历史决策","推荐关注任天堂最新动态","提议开展一次游戏体验活动","A","Social Scenarios","Sociocultural Dynamics"
"465","小明觉得与异地的恋人维持关系是不值得的，认为这样是在浪费时间。
问题:
在此情况下，对于小明来说，什么是最有效的举措？","分析利弊","鼓励珍惜感情","分享身边的故事","建议重新考虑价值观","A","Social Scenarios","Interpersonal Communication"
"93","他们已经那样做了，但似乎并未达到预期的效果。
问题:
在此情况下，对于他们来说，什么是最有效的举措？","询问他们的真实需求","帮助他们分析现状","提供另一种解决方案","表达同情并鼓励他们","B","Social Scenarios","Interpersonal Communication"
"271","张伟在公开演讲前感到有些紧张，甚至有点颤抖。
问题:
在此情况下，对于张伟来说，什么是最有效的举措？","进行深呼吸练习","模拟演讲场景","给予鼓励和肯定","分析紧张的原因","C","Social Scenarios","Interpersonal Communication"
"428","小王在解决一个复杂的编程问题时，连续加班三个晚上都没有找到解决方案。
问题:
在此情况下，对于小王来说，什么是最有效的举措？","帮助分析问题原因","提供休息时间建议","分享相似经历","推荐使用新技术","B","Social Scenarios","Interpersonal Communication"
"301","这对我来说是个大问题，而且我也想小睡一会儿，这就是为什么我必须晚上洗澡。
问题:
在此情况下，对于我来说，什么是最有效的举措？","提议制定时间表","提供休息建议","讨论日常压力","询问晚上洗澡的原因","B","Social Scenarios","Interpersonal Communication"
"140","有人似乎觉得自己在很多方面都优于其他人，这种感觉在和他人的交往中逐渐显现。
问题:
在此情况下，对于这个人来说，什么是最有效的举措？","进行自我反思的指导","开展平等与尊重的讨论","推荐阅读人类学书籍","建议寻求心理咨询的帮助","B","Social Scenarios","Sociocultural Dynamics"
"361","同事小李在听到领导在会上提出的新的工作安排后，不禁感叹这简直是个玩笑。
问题:
在此情况下，对于小李来说，什么是最有效的举措？","认真听取小李的抱怨","帮助小李分析工作安排的可行性","与小李一起寻找应对策略","建议小李向领导提出建议","B","Social Scenarios","Interpersonal Communication"
"306","在一次信息交流中，对方顺利地理解了传达的内容，并表达了感谢。
问题:
在此情况下，对于对方来说，什么是最有效的举措？","继续提供帮助","询问是否有其他问题","表达友好的祝愿","结束当前对话","B","Social Scenarios","Interpersonal Communication"
"501","小明发现他在群里分享的音乐链接没有声音，需要手动开启。
问题:
在此情况下，对于小明来说，什么是最有效的举措？","询问操作方法","提供技术支持","表达同理心","建议更换平台","B","Social Scenarios","Interpersonal Communication"
"541","他认同地说，当时他的父母非常支持他。但剧情突然转变，编剧竟决定把他的父母塑造成让人反感的角色。
问题:
在此情况下，对于他来说，什么是最有效的举措？","探讨剧本的改变","安慰他的失落","分析角色转变的影响","询问他对父母的真实感受","B","Social Scenarios","Interpersonal Communication"
"415","小王发现自己不知不觉中已经很久没有使用之前很喜欢的一款发胶了，他不确定具体是什么原因让他停用的。
问题:
在此情况下，对于小王来说，什么是最有效的举措？","询问小王近期的发型习惯","推荐其他发胶产品","讨论发胶的使用效果","帮助小王回忆停用的原因","D","Social Scenarios","Interpersonal Communication"
"307","我和你在一起，觉得我们是不是应该联系一下别人或者确认一下事情有没有被跟进？这位先生看起来很无助。
问题:
在此情况下，对于我来说，什么是最有效的举措？","提供实际帮助","进行心理慰藉","询问更多细节","一起商讨解决办法","D","Social Scenarios","Interpersonal Communication"
"665","尽管小明觉得自己的评论和建议都是真诚的，但他注意到有些人似乎会误解他的意思。
问题:
在此情况下，对于小明来说，什么是最有效的举措？","帮助小明澄清表达","教小明一些沟通技巧","与小明探讨他人的反馈","建议小明避免表达观点","B","Social Scenarios","Interpersonal Communication"
"51","阿华看到朋友们在聚会照片上看起来都很开心。
问题:
在此情况下，对于朋友们来说，什么是最有效的举措？","询问阿华的周末计划","邀请阿华参加下次聚会","与阿华一起看照片并分享趣事","推荐阿华参加线上社交活动","B","Social Scenarios","Interpersonal Communication"
"342","一位网友在社交媒体上对你说，他非常感谢你今天认真对待并陪伴他度过了一段愉快的时光，他觉得看到的视频剪辑是他看过最好的。
问题:
在此情况下，对于网友来说，什么是最有效的举措？","询问他的其他兴趣点","继续分享有趣的视频","表达感谢并邀请再次交流","推荐关注更多精彩内容","C","Social Scenarios","Interpersonal Communication"
"372","同事对小王说，他觉得小王对于新项目的提案考虑得很周到，这让小王感到很欣慰。
问题:
在此情况下，对于小王来说，什么是最有效的举措？","询问同事的改进建议","表达感谢并讨论执行计划","邀请同事共同完善提案","提议开展团队合作","B","Social Scenarios","Interpersonal Communication"
"613","他明明知道你的意图，却假装困惑来保全自己的面子，这让你感到非常不满。
问题:
在此情况下，对于你来说，什么是最有效的举措？","指出他的行为","避免进一步交流","耐心解释意图","表达自己的不满","D","Social Scenarios","Interpersonal Communication"
"82","对方似乎没有理解我的意思，我讲得已经很直白了，不知道对方是否能够好运地理解。
问题:
在此情况下，对于我来说，什么是最有效的举措？","耐心重复解释","尝试用例子说明","鼓励对方自己思考","结束当前话题","A","Social Scenarios","Interpersonal Communication"
"438","小明深知自己有一项习惯总是被他人利用来攻击他，他下定决心不让这种情况再次发生。
问题:
在此情况下，对于小明来说，什么是最有效的举措？","鼓励小明坚定决心","与小明探讨防范策略","帮助小明分析个人习惯","建议小明寻求专业帮助","B","Social Scenarios","Interpersonal Communication"
"56","离开剧院后，我不禁伸手轻轻触摸前面座位的红色绒面，心中涌起一丝莫名的失落，因为我知道短时间内可能无法再来了。
问题:
在此情况下，对于我来说，什么是最有效的举措？","提议安排再次观影","分享其他娱乐活动","倾听用户的感受","推荐影院的其他活动","C","Social Scenarios","Interpersonal Communication"
"423","李明发现真正友善的人往往对每个人都非常体贴。
问题:
在此情况下，对于李明来说，什么是最有效的举措？","分享好人好事的故事","讨论人际交往的重要性","建议李明多交朋友","推荐参加志愿者活动","B","Social Scenarios","Interpersonal Communication"
"125","我有一个对你们来说不太好的消息，我预测充电器队、小马队、圣徒队和牛仔队会赢，所以老鹰队可能会赢。
问题:
在此情况下，对于我来说，什么是最有效的举措？","询问他的感受","提供心理支持","讨论其他比赛可能性","忽略这个话题","A","Social Scenarios","Interpersonal Communication"
"91","琳达发现最近城市里的绿化似乎过于夸张，让人有点哭笑不得。
问题:
在此情况下，对于琳达来说，什么是最有效的举措？","讨论城市绿化政策","询问琳达的看法","分享绿化过度的趣事","建议参与环保活动","A","Social Scenarios","Sociocultural Dynamics"
"679","朋友对你说，或许你会幸运，他们在实施之前就分崩离析了。
问题:
在此情况下，对于你来说，什么是最有效的举措？","询问朋友的具体含义","表达对计划的担忧","讨论应对策略","感谢朋友的安慰","C","Social Scenarios","Interpersonal Communication"
"580","有人质疑你曾经的友谊之上恋人未满的关系，认为这会影响你进入一段认真的感情，你对此感到有些不安。
问题:
在此情况下，对于你来说，什么是最有效的举措？","解释自己的看法","询问对方的看法","转移话题","忽略这个问题","A","Social Scenarios","Interpersonal Communication"
"490","每当有人不断地说“如果我被欺骗了，我会在乎吗？”时，我总是怀疑他们的真诚。
问题:
在此情况下，对于我来说，什么是最有效的举措？","分析说谎的原因","讨论人际信任问题","建议多与人交流","推荐阅读心理学书籍","B","Social Scenarios","Interpersonal Communication"
"241","我在课堂上教我的孩子们用手语表示“洗手间”，以免打扰到整个班级。
问题:
在此情况下，对于我来说，什么是最有效的举措？","询问孩子们是否理解","安排孩子们实践练习","与孩子们讨论手语的意义","表扬孩子们的努力","A","Social Scenarios","Interpersonal Communication"
"425","最近，一种新的潮流趋势在年轻人中流行起来，那就是穿着迷彩裤。
问题:
在此情况下，对于年轻人来说，什么是最有效的举措？","讨论迷彩裤的搭配","探讨迷彩元素的历史","评价迷彩裤的时尚度","推荐其他流行单品","A","Social Scenarios","Sociocultural Dynamics"
"578","有人质疑你曾经的友谊之上恋人未满的关系，认为这会影响你进入一段认真的感情，你对此感到困惑。
问题:
在此情况下，对于你来说，什么是最有效的举措？","解释自己的看法","询问对方的看法","避免进一步讨论","寻求心理咨询","A","Social Scenarios","Interpersonal Communication"
"398","有人在网上发帖讨论对某些事情的同情心，而你通常包括这次也表示自己缺乏这种同情。
问题:
在此情况下，对于你来说，什么是最有效的举措？","分享不同观点的原因","表达对他人同情心的理解","探讨社会中对同情心的看法","进行自我反思","B","Social Scenarios","Interpersonal Communication"
"430","尽管我一直在做这件事，但最后却因为把它当作拖延的方式而感觉更加复杂，清洁时既感觉好些又感觉糟糕。
问题:
在此情况下，对于我来说，什么是最有效的举措？","探讨行为背后的心理","建议设定明确目标","提供时间管理技巧","一起进行清洁活动","B","Social Scenarios","Interpersonal Communication"
"336","我知道那是夜莺，但他说起的价格高达12/350，我觉得有些难以接受。
问题:
在此情况下，对于我来说，什么是最有效的举措？","询问具体原因","表达不满情绪","尝试协商价格","考虑其他选项","C","Social Scenarios","Interpersonal Communication"
"236","艾米丽表示，她喜欢一个乐队在他们变得大众化和商业化之前的作品。
问题:
在此情况下，对于艾米丽来说，什么是最有效的举措？","询问她喜欢的音乐类型","讨论乐队成名的利与弊","分享自己对于音乐流行的看法","推荐其他小众乐队","B","Social Scenarios","Sociocultural Dynamics"
"14","某人看到美国职业足球大联盟在社会中的地位，感叹其在社会结构中的支柱作用。
问题:
在此情况下，对于某人来说，什么是最有效的举措？","询问对美国职业足球大联盟的看法","讨论体育对社会的影响","分享美国职业足球大联盟的最新动态","推荐观看美国职业足球大联盟的比赛","B","Social Scenarios","Sociocultural Dynamics"
"641","在一次团队讨论中，所有人都倾向于一个方案，小明也觉得该方案很有道理，并表示了同意。
问题:
在此情况下，对于小明来说，什么是最有效的举措？","询问小明的看法","讨论方案的优缺点","鼓励小明提出不同意见","安排进一步的市场调研","B","Social Scenarios","Interpersonal Communication"
"573","面对连续加班的安排，李明无奈地叹了口气，决定不再抱怨。
问题:
在此情况下，对于李明来说，什么是最有效的举措？","询问加班原因","提供放松活动的建议","分享时间管理的技巧","讨论可能的解决方案","B","Social Scenarios","Interpersonal Communication"
"522","尽管相比以前，艾米对世界的恐惧感已经减轻了许多，但她在面对一些社交场合时仍然会感到莫名的紧张。
问题:
在此情况下，对于艾米来说，什么是最有效的举措？","引导艾米进行放松练习","和艾米一起参与社交活动","与艾米讨论她的恐惧来源","鼓励艾米参加心理辅导","A","Social Scenarios","Interpersonal Communication"
"101","当有人询问我的电话号码时，我总会先说明我的情况，我知道这可能对某些人来说是一个重要的考虑因素。
问题:
在此情况下，对于我来说，什么是最有效的举措？","询问对方是否理解我的立场","讨论各自的期望和界限","给予对方更多的个人信息","尝试建立更深层次的了解","B","Social Scenarios","Interpersonal Communication"
"284","小明认为艺术学位毫无用处，但同时又喜欢观看皮克斯的电影。
问题:
在此情况下，对于小明来说，什么是最有效的举措？","与他探讨艺术的价值","讨论不同专业的就业前景","分享艺术对他人的积极影响","推荐一些有深度的艺术类电影","A","Social Scenarios","Academic & Professional"
"567","张伟在邮件中感谢了同事对他提出的问题给予的回应。
问题:
在此情况下，对于张伟来说，什么是最有效的举措？","继续深入讨论问题","表达对同事的认可","询问同事的其他观点","建议进一步的合作","B","Social Scenarios","Interpersonal Communication"
"71","我开始思考哪些环境能让我感到最有创造力，以及这些环境都有哪些特点。
问题:
在此情况下，对于我来说，什么是最有效的举措？","分析环境布局的影响","讨论创新的重要性","推荐参加创意工作坊","分享提升创造力的方法","A","Social Scenarios","Academic & Professional"
"118","今早醒来，我觉得很感激，因为上天又给了我新的一天去继续前行。
问题:
在此情况下，对于我来说，什么是最有效的举措？","分享个人感恩的事迹","探讨人生的意义","进行冥想指导","推荐阅读励志书籍","A","Social Scenarios","Interpersonal Communication"
"349","小王发现他新买的衣服尺寸太小，无法穿得下。
问题:
在此情况下，对于小王来说，什么是最有效的举措？","询问退货政策","提供换货建议","讨论其他购物选择","安慰小王不要气馁","B","Social Scenarios","Interpersonal Communication"
"37","朋友对我说，‘你一定非常高兴吧，我真的很为你感到开心。’
问题:
在此情况下，对于我来说，什么是最有效的举措？","询问朋友的近况","分享自己的喜悦","感谢朋友的祝福","讨论未来的计划","C","Social Scenarios","Interpersonal Communication"
"534","一位同学在创作自己的作品时，因为想要得到认可而感到焦虑，并在面对前辈的玩笑时显得有些不知所措。
问题:
在此情况下，对于该同学来说，什么是最有效的举措？","鼓励其自信","与其讨论创作过程","提供前辈的联系方式","建议寻求老师意见","A","Social Scenarios","Interpersonal Communication"
"416","我感到有必要对这个作品进行更多的推广，因为我深爱的负责选角的电影导演小张，非常喜欢它。
问题:
在此情况下，对于我来说，什么是最有效的举措？","询问小张的修改意见","安排一次作品的展示活动","进行网络平台的宣传推广","与小张讨论推广策略","D","Social Scenarios","Interpersonal Communication"
"659","在一次团队讨论中，所有人都同意了你的方案。
问题:
在此情况下，对于你来说，什么是最有效的举措？","询问团队其他成员的看法","表达感谢之情","讨论下一步行动计划","总结此次讨论的要点","C","Social Scenarios","Interpersonal Communication"
"509","面对一位抑郁症患者，有人说出了很残忍的话。
问题:
在此情况下，对于抑郁症患者来说，什么是最有效的举措？","提供心理支持","进行同理心对话","讨论负面言论的影响","建议寻求专业帮助","A","Social Scenarios","Interpersonal Communication"
"681","一个人在社交媒体上发帖展示自己精心准备的蛋糕，但细心的网友发现蛋糕上有个拼写错误，这是唯一的问题吗？
问题:
在此情况下，对于细心网友来说，什么是最有效的举措？","指出拼写错误并给予建议","忽略错误，只赞美蛋糕的美观","讨论蛋糕制作的技巧","询问蛋糕的配方","A","Social Scenarios","Sociocultural Dynamics"
"138","你觉得在所看到的一切中寻找奇迹，并且无条件地去爱是很重要的。
问题:
在此情况下，对于你来说，什么是最有效的举措？","分享个人的体会","推荐观看鼓舞人心的电影","一起进行创意活动","讨论人生的哲学","A","Social Scenarios","Interpersonal Communication"
"5","小明设置了一个243天后的提醒，似乎在期待某个重要的日子。
问题:
在此情况下，对于小明来说，什么是最有效的举措？","询问提醒的内容","讨论时间管理的技巧","建议记录重要事件","提供日历管理工具","A","Social Scenarios","Interpersonal Communication"
"529","我观察到他们，也为他们感到一丝忧虑。
问题:
在此情况下，对于我来说，什么是最有效的举措？","提供倾听和理解","组织一次团体活动","分享个人兴趣爱好","推荐专业的心理咨询服务","A","Social Scenarios","Interpersonal Communication"
"623","现代社会中，孩子们似乎失去了无忧无虑玩耍的自由。
问题:
在此情况下，对于孩子们来说，什么是最有效的举措？","分析现代社会压力","讨论户外活动的好处","提议创建儿童游乐区","评估家庭和学校的影响","C","Social Scenarios","Sociocultural Dynamics"
"383","为了让你感受到我的痛苦，我愿意为你承受一切，哪怕是需要我扭曲事实、卑躬屈膝，直到你意识到我们其实是一样的。
问题:
在此情况下，对于我来说，什么是最有效的举措？","倾听对方的痛苦","提供情感支持","讨论彼此的相似之处","建议寻求专业帮助","B","Social Scenarios","Interpersonal Communication"
"404","在巴西，人们只使用草书书写，这让我不太理解那些人的习惯。
问题:
在此情况下，对于我来说，什么是最有效的举措？","理解文化差异","讨论书写的历史","教授草书书写技巧","表达对巴西文化的兴趣","A","Social Scenarios","Sociocultural Dynamics"
"320","我自作主张地把给你的诗的最后一行改成了‘为你烤的饼干’，觉得自己很机智。
问题:
在此情况下，对于我来说，什么是最有效的举措？","询问对方的感受","解释修改的原因","分享修改的乐趣","询问是否喜欢这个改动","A","Social Scenarios","Interpersonal Communication"
"402","艾米喜欢打扮，追求时尚，但她开始质疑自己是否过于虚荣。
问题:
在此情况下，对于艾米来说，什么是最有效的举措？","探讨虚荣心的定义","讨论时尚与自信的关系","鼓励艾米坚持自己的风格","建议艾米减少打扮的时间","B","Social Scenarios","Interpersonal Communication"
"227","面对当前的处境，李明可以选择向全世界坦白自己的感受，或是用一些快乐的故事来掩饰真实情绪。
问题:
在此情况下，对于李明来说，什么是最有效的举措？","鼓励李明表达真实感受","建议李明编造快乐故事","聆听李明的内心疑虑","指导李明如何面对困境","C","Social Scenarios","Interpersonal Communication"
"433","张伟认为新提议很有道理，不明白为什么大家还要争论。
问题:
在此情况下，对于张伟来说，什么是最有效的举措？","解释争议点","询问张伟的看法","建议大家投票决定","安排深入讨论会议","A","Social Scenarios","Interpersonal Communication"
"630","张伟觉得尽管今晚心情很糟糕，但相信到了早上就会感觉好一些。
问题:
在此情况下，对于张伟来说，什么是最有效的举措？","询问张伟晚上的安排","鼓励张伟早点休息","与张伟一起制定明天计划","建议张伟进行情绪记录","B","Social Scenarios","Interpersonal Communication"
"598","朋友希望你别那么快离开，他请求你至少再陪他们一天，然后大家一起再次尝试面对问题。
问题:
在此情况下，对于你来说，什么是最有效的举措？","同意留下并共同规划","坚持自己的决定离开","建议推迟到下周再尝试","询问朋友的详细计划","A","Social Scenarios","Interpersonal Communication"
"8","小王发现自从他开始锻炼后，他感觉精力充沛，能够非常好地完成其他任务。
问题:
在此情况下，对于小王来说，什么是最有效的举措？","询问锻炼习惯","分享工作心得","讨论时间管理","推荐健康饮食","A","Social Scenarios","Interpersonal Communication"
"584","在网上聊天时，一位朋友用了年轻人的网络语言开玩笑，但他随即解释说只是想表达自己能理解年轻人的想法，而不是真正做出违法行为。
问题:
在此情况下，对于朋友来说，什么是最有效的举措？","询问他的真实想法","一起讨论网络文化","建议他用更恰当的言辞","忽略这个玩笑","B","Social Scenarios","Interpersonal Communication"
"262","小明在艺术展览上看到了一幅让他驻足观赏的画作。
问题:
在此情况下，对于小明来说，什么是最有效的举措？","询问小明的观展感受","推荐其他展区参观","讨论艺术家的创作背景","邀请小明参加后续的艺术讲座","A","Social Scenarios","Sociocultural Dynamics"
"504","她发现有人长得和她很喜欢的电视剧《鲜血淋漓》里的一个角色非常像。
问题:
在此情况下，对于她来说，什么是最有效的举措？","询问对方是否知道这部电视剧","讨论电视剧的剧情","表达对电视剧的喜爱","邀请对方一起观看电视剧","B","Social Scenarios","Interpersonal Communication"
"183","我关注的一位公众人物一直保持着他的立场，虽然这对我这个粉丝来说并不新鲜，但最近他的这一态度再次引起了热议。
问题:
在此情况下，对于我来说，什么是最有效的举措？","询问我对此事的看法","讨论公众人物的其他动态","分析这种立场背后的原因","分享其他粉丝的观点","B","Social Scenarios","Interpersonal Communication"
"341","小明参观了一座2007年落成的现代建筑，他对其设计风格和历史意义产生了浓厚兴趣。
问题:
在此情况下，对于小明来说，什么是最有效的举措？","提供相关历史背景资料","讨论现代建筑的设计理念","建议参观其他同类建筑","评价建筑的社会影响","B","Social Scenarios","Sociocultural Dynamics"
"324","最近几个月，我总有一种难以言说的孤独感，感觉周围的一切都显得有些冷漠。
问题:
在此情况下，对于我来说，什么是最有效的举措？","分享个人兴趣爱好","进行情感交流","建议参与社交活动","提供心理辅导","B","Social Scenarios","Interpersonal Communication"
"656","小明在一次健身后，对教练说：“太棒了！我希望通过这个来提升我的米卡（一种健身技巧）。谢谢你，愿肌肉精神与你同在！”
问题:
在此情况下，对于小明来说，什么是最有效的举措？","询问小明的健身目标","分享健身技巧","讨论健身计划","鼓励小明坚持下去","D","Social Scenarios","Interpersonal Communication"
"291","我下载了一些由某知名制作公司制作的内容，结果发现他们对知识产权的保护非常严格。
问题:
在此情况下，对于我来说，什么是最有效的举措？","解释知识产权的重要性","提供法律咨询信息","分享网络安全知识","建议寻找其他娱乐方式","A","Social Scenarios","Interpersonal Communication"
"11","小明对最近的这部跨作品非常感兴趣，经常在社交媒体上分享自己的看法。
问题:
在此情况下，对于小明来说，什么是最有效的举措？","询问小明的看法","讨论跨界合作的意义","推荐其他跨界作品","邀请小明参加相关活动","B","Social Scenarios","Sociocultural Dynamics"
"610","凯伦在社交网络上看到有人对某一群体持有偏见，这让她对社会多元性有了更深的思考。
问题:
在此情况下，对于凯伦来说，什么是最有效的举措？","讨论社会多元化的重要性","分享个人经历","建议参与社区活动","推荐阅读相关文章","A","Social Scenarios","Sociocultural Dynamics"
"570","在一次争执后，你决定结束一段关系，并且坚决不想继续下去，尽管你已经承认了自己的不诚实。
问题:
在此情况下，对于你来说，什么是最有效的举措？","寻求分手建议","进行自我反思","与前任进行深入沟通","请求朋友的支持和陪伴","D","Social Scenarios","Interpersonal Communication"
"245","小明今天穿上了新买的夹克和鞋子，他觉得自己的打扮非常出色，不认为别人的看法会影响到自己的心情。
问题:
在此情况下，对于小明来说，什么是最有效的举措？","询问小明对时尚的看法","与小明讨论搭配技巧","提醒小明注意他人的感受","鼓励小明自信地展现自我","D","Social Scenarios","Interpersonal Communication"
"669","一位演说者对他的支持者们表达了深深的感激，他感到这种支持是无法用数值来衡量的。
问题:
在此情况下，对于演说者来说，什么是最有效的举措？","询问他们的需求","分享个人感悟","安排答谢活动","开展互动环节","B","Social Scenarios","Interpersonal Communication"
"384","某人在谈到自己一直投入在一款游戏系列上，并表示自己从未后悔。
问题:
在此情况下，对于某人来说，什么是最有效的举措？","询问游戏心得","表达玩游戏的合理性","讨论其他兴趣","建议尝试新游戏","B","Social Scenarios","Interpersonal Communication"
"283","对于一些无论是故意还是无意中犯下的罪行，我感到深深的懊悔，无论我是否了解这些罪行。
问题:
在此情况下，对于我来说，什么是最有效的举措？","进行自我反省","寻求法律咨询","开展心理疏导","与身边的人分享感受","C","Social Scenarios","Interpersonal Communication"
"555","小明在聚会上表现得非常冷静，没有像其他人一样积极参与互动。
问题:
在此情况下，对于小明来说，什么是最有效的举措？","邀请小明参加游戏","询问小明的兴趣","与小明闲聊日常","让小明独自休息","C","Social Scenarios","Interpersonal Communication"
"17","在一次品酒会上，我品尝了一种油润口感、甜美的葡萄酒，但尾韵中带有一丝苦味，这让我对其整体感受有些折扣。
问题:
在此情况下，对于我来说，什么是最有效的举措？","询问他人对此酒的感受","讨论葡萄酒的酿造工艺","推荐其他类型的酒","忽略苦味，享受其甜美的口感","A","Social Scenarios","Interpersonal Communication"
"675","他们肯定看到你了，但是没有人过来和你打招呼。
问题:
在此情况下，对于你来说，什么是最有效的举措？","主动加入他们","询问朋友原因","默默离开","保持原位观察","B","Social Scenarios","Interpersonal Communication"
"611","同事提出了一个解决问题的新角度，让人豁然开朗。
问题:
在此情况下，对于同事来说，什么是最有效的举措？","询问他的思考过程","表达感激之情","邀请他共同进餐","提出合作意向","B","Social Scenarios","Interpersonal Communication"
"317","一位女士在讨论彩妆时，对朋友说她的发色‘太浅’，以至于影响了遮瑕膏的效果。
问题:
在此情况下，对于女士来说，什么是最有效的举措？","询问她的具体需求","提供化妆技巧","讨论不同品牌的产品","建议去专业化妆师那里咨询","B","Social Scenarios","Interpersonal Communication"
"381","看着比自己小两岁的弟弟结婚，自己却还是单身，家里现在只剩下自己一个未婚成年人。
问题:
在此情况下，对于我来说，什么是最有效的举措？","家庭聚会增加亲密度","倾听并给予精神支持","安排相亲活动","一起参加社交活动","B","Social Scenarios","Interpersonal Communication"
"232","小张在团队合作中总感觉自己的努力没有得到相应的认可，这让他有些不知道该如何是好。
问题:
在此情况下，对于小张来说，什么是最有效的举措？","鼓励小张表达自己的感受","帮小张分析团队合作的现状","一起找出提升团队认可度的方法","建议小张寻求领导的直接沟通","A","Social Scenarios","Interpersonal Communication"
"451","小明在一次团队讨论中，因一个不成熟的观点而感到尴尬。
问题:
在此情况下，对于小明来说，什么是最有效的举措？","引导团队进行头脑风暴","轻描淡写地转移话题","对小明的观点表示赞同","提出改进建议并鼓励","D","Social Scenarios","Interpersonal Communication"
"545","小明在街上看到了一家新开的咖啡馆，他感到很好奇，因为从没听说过这个品牌。
问题:
在此情况下，对于小明来说，什么是最有效的举措？","询问咖啡馆的特色","建议尝试新口味","讨论咖啡馆的市场定位","表达好奇并邀请朋友一同探店","B","Social Scenarios","Sociocultural Dynamics"
"437","在聊天中，有人突然激动地告诉我，我们有着相同的幽默感和反应，并用多个感叹号和大笑表情符号来表达。
问题:
在此情况下，对于我来说，什么是最有效的举措？","询问详细经历","表达共鸣","分享个人趣事","保持沉默","B","Social Scenarios","Interpersonal Communication"
"311","一位朋友向另一位朋友表达了对他所提供帮助的感激之情。
问题:
在此情况下，对于提供帮助的朋友来说，什么是最有效的举措？","表达继续帮助的意愿","询问对方还有无其他需求","分享自己的快乐经历","提议一起进行活动","B","Social Scenarios","Interpersonal Communication"
"683","我在离开那里的时候，感觉受到了不少责备。
问题:
在此情况下，对于我来说，什么是最有效的举措？","给予理解和安慰","分析事件起因","提出改进建议","鼓励自我肯定","A","Social Scenarios","Interpersonal Communication"
"297","表弟的在线游戏账号突然被盗，有人开玩笑说可能是他把账号信息告诉了别人。
问题:
在此情况下，对于表弟来说，什么是最有效的举措？","询问表弟近期行为","提供账号安全建议","安慰表弟并协助解决","建议报告游戏客服","C","Social Scenarios","Interpersonal Communication"
"696","在填写表格时我不小心将姓氏的全称显示了出来，而规定只应显示名字和姓氏的首字母。
问题:
在此情况下，对于我来说，什么是最有效的举措？","请求帮助修改表格","解释错误发生的原因","询问是否有补救措施","提出重新填写申请","A","Social Scenarios","Interpersonal Communication"
"626","小明发现自己的衣物意外损坏，感到有些尴尬。
问题:
在此情况下，对于小明来说，什么是最有效的举措？","提供替换衣物","询问损坏原因","一起外出购买新衣物","建议寻找专业清洗服务","A","Social Scenarios","Interpersonal Communication"
"653","有人认为中国必须接受南海仲裁案的结果，并批评试图帮助中国摆脱这一局面的行为。
问题:
在此情况下，对于批评者来说，什么是最有效的举措？","讨论国际法律","分析地缘政治","探讨历史背景","进行辩论","A","Social Scenarios","Sociocultural Dynamics"
"629","我认为情况恰好相反，我为了尽可能保持宝宝的健康和自己的血糖稳定而努力，但感觉似乎一切都白费了。
问题:
在此情况下，对于我来说，什么是最有效的举措？","提供医学建议","倾听并给予支持","一起探讨健康饮食","鼓励寻求专业帮助","B","Social Scenarios","Interpersonal Communication"
"494","小张在看到自己期待已久的海外交换项目只距离两周时，感到非常激动。
问题:
在此情况下，对于小张来说，什么是最有效的举措？","询问小张的准备工作","分享自己的留学经验","提醒小张注意时差","帮小张制定旅行计划","A","Social Scenarios","Academic & Professional"
"323","有人觉得，尽管生活之路并不总是平坦，但信仰的提醒让他感到并不孤单。
问题:
在此情况下，对于他来说，什么是最有效的举措？","分享信仰故事","提供心灵慰藉","讨论人生哲理","推荐参加宗教活动","B","Social Scenarios","Sociocultural Dynamics"
"649","我想这来自于我年轻时的信念，觉得愤怒不是一种可以接受的情感，所以我努力不去感受它。
问题:
在此情况下，对于我来说，什么是最有效的举措？","探讨愤怒情感的来源","分享控制情绪的方法","建议寻求心理咨询","倾听对方的成长经历","A","Social Scenarios","Interpersonal Communication"
"110","一个人对另一个说‘你刚刚证明了我的观点，你这个讨厌的、爱发牢骚的孩子’。
问题:
在此情况下，对于被指责的孩子来说，什么是最有效的举措？","进行自我反思","直接回击对方","寻求第三方调解","选择忽略离开","A","Social Scenarios","Interpersonal Communication"
"76","家人在聚会上对杰克说，很感谢他一直以来的支持和陪伴。
问题:
在此情况下，对于家人来说，什么是最有效的举措？","表达感谢之情","分享生活近况","讨论家庭计划","提出举办下一场聚会","A","Social Scenarios","Interpersonal Communication"
"48","在一个重要的社区活动中，主持人突然激动地宣布‘点燃信标！’，引起了在场所有人的关注。
问题:
在此情况下，对于主持人来说，什么是最有效的举措？","解释信标的意义","引导观众参与","安排后续活动","保持活动氛围","B","Social Scenarios","Sociocultural Dynamics"
"68","丽丽发现她在日常生活中，经常对周围的人说些温暖的话，这让她感觉很好。
问题:
在此情况下，对于丽丽来说，什么是最有效的举措？","询问她的感受","鼓励她继续传递正能量","讨论如何在社会中传播友善","建议她记录下这些美好的交流","B","Social Scenarios","Interpersonal Communication"
"252","小明最近终于有了一些时间，可以和家人一起度过。
问题:
在此情况下，对于小明来说，什么是最有效的举措？","询问近况","提出一起做家务","安排家庭游戏","制定旅行计划","C","Social Scenarios","Interpersonal Communication"
"441","有人在网上发帖，表达了对那些在困境中期待联邦政府改善他们处境的人的关切。
问题:
在此情况下，对于发帖的人来说，什么是最有效的举措？","提供社会资源信息","开展公共议题讨论","进行心理状况监测","给予政策解读","B","Social Scenarios","Sociocultural Dynamics"
"566","小明觉得海岸奇才公司最近的行为有些让人难以理解。
问题:
在此情况下，对于小明来说，什么是最有效的举措？","询问小明的看法","解释海岸奇才公司的可能考虑","讨论业界其他公司的类似行为","建议小明关注官方公告","A","Social Scenarios","Sociocultural Dynamics"
"34","你在网上发布的正确评论，却遭到了一些人的无理踩低。
问题:
在此情况下，对于你来说，什么是最有效的举措？","分析评论踩低的原因","忽略负面反馈","寻求网友的支持","反思评论的表达方式","B","Social Scenarios","Interpersonal Communication"
"53","小王发现他的朋友似乎正在经历一些困难，最近总是避免和大家过多交流，尽可能减少社交活动。
问题:
在此情况下，对于小王来说，什么是最有效的举措？","鼓励小王主动沟通","建议给予朋友空间","提出一起进行活动","询问朋友是否需要帮助","B","Social Scenarios","Interpersonal Communication"
"235","小张在个人摄影展上得到了观众的热烈反响，他对自己作品的满意度非常高。
问题:
在此情况下，对于小张来说，什么是最有效的举措？","询问展览筹备过程","赞扬小张的摄影技巧","提出合作拍摄新项目的建议","邀请小张参加摄影讲座","B","Social Scenarios","Interpersonal Communication"
"485","艾玛坚持说某件事情并没有发生过，而别人都认为它确实发生了。
问题:
在此情况下，对于艾玛来说，什么是最有效的举措？","尝试理解艾玛的立场","直接指出众人观点的差异","询问艾玛为何如此肯定","建议重新评估事件经过","A","Social Scenarios","Interpersonal Communication"
"551","在网上看到一个以《杀手》为主题的《火焰纹章》恶搞帖子，不确定应该感到高兴还是惊讶。
问题:
在此情况下，对于网友来说，什么是最有效的举措？","询问帖子细节","讨论游戏文化","分享其他有趣帖子","表达对原作的感情","B","Social Scenarios","Sociocultural Dynamics"
"366","小明在社交媒体上发布了一些表达绝望的话，他似乎对生活感到非常沮丧。
问题:
在此情况下，对于小明来说，什么是最有效的举措？","提供心理咨询服务的信息","尝试进行线上陪伴","联系他的家人和朋友","建议他参加户外活动","A","Social Scenarios","Unknown"
"255","某人对全球99%的人口都受到某一现象影响表示不可思议，无法理解这一数据是如何产生的。
问题:
在此情况下，对于某人来说，什么是最有效的举措？","探讨数据来源","讨论该现象的原因","分享相似案例","建议查询权威信息","B","Social Scenarios","Sociocultural Dynamics"
"493","《瑞克和莫蒂》依旧是一部优质的节目，但它的粉丝群体却让它陷入了类似于《堡垒之夜》的争议之中。
问题:
在此情况下，对于粉丝群体来说，什么是最有效的举措？","分析粉丝行为","讨论节目优点","提出改善建议","忽略粉丝行为","B","Social Scenarios","Sociocultural Dynamics"
"139","她声称她的父母是严重的酗酒者，但我不明白他们怎么能照顾孩子。
问题:
在此情况下，对于我来说，什么是最有效的举措？","提供法律咨询信息","建议寻求专业帮助","询问更多细节","给予情感支持","B","Social Scenarios","Interpersonal Communication"
"447","一位博主刚发布了一篇博文，他注意到自己发布的文字已经在世界上传播开来。
问题:
在此情况下，对于博主来说，什么是最有效的举措？","询问博主的写作初衷","讨论博文的传播策略","提供反馈和修改建议","鼓励博主继续创作","D","Social Scenarios","Sociocultural Dynamics"
"564","似乎我不小心发布了那条信息。
问题:
在此情况下，对于我来说，什么是最有效的举措？","请求删除信息","寻求法律建议","解释误操作原因","检查是否有负面影响","C","Social Scenarios","Interpersonal Communication"
"313","在上周单独就有数百个工作岗位被裁减的情况下，我认识到让员工感到被重视的重要性，但我觉得大多数人可能和鲁迪一样，只感到庆幸自己还有一份工作。
问题:
在此情况下，对于我来说，什么是最有效的举措？","开展团队建设活动","提供职业发展讲座","分享经济形势分析","鼓励员工表达感受","C","Social Scenarios","Academic & Professional"
"417","对于即将到来的夏天，我并不感到十分期待。
问题:
在此情况下，对于我来说，什么是最有效的举措？","规划一次旅行","讨论夏天的活动安排","分享夏日的趣事","推荐看一些励志电影","B","Social Scenarios","Sociocultural Dynamics"
"25","在一次游戏中，小明发现自己在尝试瞄准某个目标时，经常因为锁定区域过大而误伤到其他玩家。
问题:
在此情况下，对于小明来说，什么是最有效的举措？","教会小明如何精确瞄准","与小明探讨游戏策略","安慰小明不要气馁","建议小明尝试其他游戏模式","B","Social Scenarios","Interpersonal Communication"
"568","我总是在不情愿的情况下做这件事，之后总感到烦躁不安。
问题:
在此情况下，对于我来说，什么是最有效的举措？","寻求理解的原因","进行压力释放的活动","讨论工作的分配","设定期望和界限","A","Social Scenarios","Interpersonal Communication"
"571","她宣称自己的父母是糟糕的酗酒者，但我不明白他们是如何能够带走孩子的。
问题:
在此情况下，对于我来说，什么是最有效的举措？","询问详细情况","提供相关法律咨询","建议寻求专业帮助","进行心理状况监测","C","Social Scenarios","Interpersonal Communication"
